name,id,tier,rarity,base value,range,damage/second,damage/shot,emp,impact,turn rate,OPs,ammo,ammo/sec,reload size,type,energy/shot,energy/second,chargeup,chargedown,burst size,burst delay,min spread,max spread,spread/shot,spread decay/sec,beam speed,proj speed,launch speed,flight time,proj hitpoints,hints,tags,groupTag,tech/manufacturer,for weapon tooltip>>,primaryRoleStr,speedStr,trackingStr,turnRateStr,accuracyStr,customPrimary,customPrimaryHL,customAncillary,customAncillaryHL,noDPSInTooltip,number
#large,,,,,,,,,,,,,,,,,,,,,,,,,,,,,,,,,,,,,,,,,,,,,,
Heavy Laidlaw Accelerator,vic_heavylaidlawaccelerator,3,,6500,1000,,1600,,30,7,30,,,,FRAGMENTATION,800,,0.75,3.25,,,0,0,0,0,,3500,,,,"STRIKE, USE_VS_FRIGATES","energy20, vic_t1weapons_bp",,Volkov Industries,,Hullbuster,Extreme,,,,%s Projectile hits create explosions dealing additional %s fragmentation damage.,Extremely fast projectiles. Deals soft flux damage. | 500,,,,6.9
Capacitons Discharger,vic_capacitonsDischarger,3,,5000,700,,300,160,0,15,28,16,1,8,KINETIC,480,,0.15,0.15,,,,,,,,5000,,,,,"energy13, vic_t1weapons_bp",,Volkov Industries,,Anti Shield,,,,,Fires electric arcs that can chain to %s additional small targets dealing %s of the weapons damage and %s of weapons EMP.,3 | 15% | 50%,,,,
Besomar Scattercannon,vic_devastator,2,,4500,800,,100,,40,12,19,28,6,42,HIGH_EXPLOSIVE,75,,0,0.6,,,0,15,0.5,5,,700,,,,"ANTI_FTR, PD_ALSO","he16, vic_t1weapons_bp",,Volkov Industries,,Anti Armor,,,,,"Each shell has a fuse set to explode at a random distance, resulting in a cluster shot that's increasingly more deadly at closer ranges.",,"The specified sustained DPS value is achieved only when %s are installed. Without them, the sustained damage value is %s. ",Extended Magazines | 400 ,,7.4
Psotnik Interference Autocannon,vic_psotnik,2,,5000,900,,50,25,5,15,25,,,,KINETIC,55,,0,0.25,,,0,12,0.5,10,,850,,,,,"kinetic20, vic_t2weapons_bp",,Volkov Industries,,Anti Shield Suppression,,,,,"Submunition hits on hull or armor have a %s chance to arc to weapons and engines, dealing %s EMP damage.",20% | 50,,,,7.8
Tugarin Stellar Catapult,vic_tugarin,3,,6000,950,,1200,,200,6,24,,,,HIGH_EXPLOSIVE,1860,,0.5,3.5,1,,0,5,2.5,10,,350,,,400,STRIKE,"he21, vic_t1weapons_bp",,Volkov Industries,,Anti Armor,,,,,"Projectile slows down overtime. Explodes on hit or when reaching 0 velocity, dealing up to %s damage.",360 High Explosive,,,,8
Vodyanoy Plasma Minigun,vic_vodyanoy,2,0.5,8000,700,,15,,20,12,22,,,,ENERGY,15,,0.4,0.6,999999999,0.05,0,15,0.1,4,,1200,,,25,"ANTI_FTR, FIRE_WHEN_INEFFICIENT","energy15, vic_t2weapons_bp",,Volkov Industries,,Suppression,,,,,Every second of firing increases the %s of the weapon by %s. At %s and higher projectiles have a chance to be overcharged and deal additional %s of their damage directly to armor. Direct damage to armor counts as %s stronger for armor reduction calculation. The chance to overcharge a projectile is equal to the %s. %s decreases over time when not firing.,heat | 20% | 20% of heat | 33.3% | 2000% | level of heat | The heat level,,,,8.1
,vic_vodyanoy_sub,,,8000,700,,15,,20,12,22,,,,HIGH_EXPLOSIVE,15,,0.4,0.6,999999999,0.05,0,10,0.1,3,,1200,,,25,SYSTEM,,,Volkov Industries,,"Suppression, Point Defense",,,,,,,,,,8.1
Rubezahl Thermal Lance,vic_thermalLance,3,,6500,800,1500,,,0,10,20,2,0.11111111111111111111111111111111,1,HIGH_EXPLOSIVE,,1204.819277,2,0.1025,0.8,1.5975,,,,,10000,,,,,,"he20, beam15, vic_t1weapons_bp",,Volkov Industries,,Anti Armor,,,,,,,,,,15.6
,vic_thermalLance_trail,,,6500,1000,,0,,30,7,35,,,,ENERGY,650,,0.75,1.25,,,0,0,0,0,,10000,,,,SYSTEM,,,Volkov Industries,,General,,,,,Extremely fast projectiles. Deals soft flux. Projectile hits on shields and hull create explosions dealing additional %s fragmentation damage.,150,,,,6.9
Zlydzen Wave Destabilizer,vic_zlydzen,3,,4500,1000,50,,1000,0,6,20,,,,ENERGY,,500,2,1,,,,,,,1000,,,,,FIRE_WHEN_INEFFICIENT,"energy18, beam13, vic_t1weapons_bp",,Volkov Industries,,Support,,,,,"Applies debuffs that ramp up in power in %s seconds, and fall off within %s seconds if the target is not hit by the beam.

The debuffs when hitting shields:
-%s to Shield Efficiency
+%s to Shield Upkeep

The debuffs when hitting hull:
+%s to Phase Cloak Upkeep
-%s to Armour Efficiency
-%s to Weapon Turn Rate",6 | 4 | 25% | 25% | 100% | 25% | 25%,"Hits on hull or armor frequently arc to weapons and engines, dealing extra EMP and energy damage. Hits on shields have a chance to generate a shield-penetrating arc based on the target's hard flux level.",,,
,,,,,,,,,,,,,,,,,,,,,,,,,,,,,,,,,,,,,,,,,,,,,,
,,,,,,,,,,,,,,,,,,,,,,,,,,,,,,,,,,,,,,,,,,,,,,
#Gatling Beam,vic_gatlingbeam,3,0.5,8000,1000,900,,0,0,7,25,,,,ENERGY,,600,0,0.2,0.2,0,,,,,100000,,,,,FIRE_WHEN_INEFFICIENT,"energy20, beam15, LR",,Volkov Industries,,Suppression,,,,,"Hits on hull or armor arc to weapons and engines, dealing extra EMP and energy damage. Hits on shields have a chance to generate a shield-penetrating arc based on the target's hard flux level.",,,,,27
,,,,,,,,,,,,,,,,,,,,,,,,,,,,,,,,,,,,,,,,,,,,,,
#med,,,,,,,,,,,,,,,,,,,,,,,,,,,,,,,,,,,,,,,,,,,,,,
Nawia Quantum Cannon,vic_nawia,1,,900,800,,400,,10,14,12,,,,KINETIC,440,,0,1.6,,,0,4,2,6,,800,,,,,"kinetic14, vic_t2weapons_bp",,Volkov Industries,,Anti Shield,,,,,Main projectile deals only %s damage on hit spawn %s projectile which deal other %s.,50% | 4 | 50%,,,,5
,vic_nawia_real,,,900,800,,200,,10,14,12,,,,KINETIC,440,,0,1.6,,,0,5,2,10,,800,,,,SYSTEM,kinetic14,,Volkov Industries,,Anti Shield,,,,,"On successful hit %s projectiles appear close to target, each projectile deals %s kinetic damage. Successful hits with the main projectile generate 200 additional flux.",4 | 60 | 200,,,,5
,vic_nawia_sub,,,69,400,,50,,10,14,10,,,,KINETIC,50,,0,1,,,0,0,0,,,1000,,,,SYSTEM,,,,,,,,,,,,,,,
Verlioka Field Disruptor,vic_verlioka,1,0.75,900,400,100,,,500,35,12,,,,FRAGMENTATION,,250,0.1,,,,0,,,,10000,,,,,"PD, PD_ONLY, ANTI_FTR, FIRE_WHEN_INEFFICIENT","pd14, vic_t2weapons_bp",,Volkov Industries,,Point Defense (Area),,,,,"Emits %s field, which slows down and damages fighters and missiles.",30 degrees,,,,
Laidlaw Accelerator,vic_lightlaidlawaccelerator,2,,1200,800,,2000,,10,10,15,,,,FRAGMENTATION,1200,,0.5,4.5,,,0,10,1.25,10,,3500,,,,"STRIKE, USE_VS_FRIGATES","energy16, vic_t1weapons_bp",,Volkov Industries,,Hullbuster,Extreme,,,,%s Projectile hits create explosions dealing additional %s fragmentation damage.,Extremely fast projectiles. Deals soft flux damage. | 500,,,,7.5
Gagana Smartdart Launcher,vic_gagana,2,,1200,800,,200,,10,14,13,,,,HIGH_EXPLOSIVE,250,,0,1,,,0,5,2,10,,700,,,,ANTI_FTR,"he16, vic_t1weapons_bp",,Volkov Industries,,Anti Armor,,,,,Homing projectiles which stick to the hull and explode after %s seconds dealing %s damage.,0.5 | 50 High Explosive,,,,5
,vic_gagana_sub,,,2000,800,,50,,10,14,13,,,,HIGH_EXPLOSIVE,50,,0,0.25,,,0,5,2,10,,100,100,1,500,SYSTEM,,,Volkov Industries,,Anti Shield,,,,,,,,,,5
Psotnik Interference Machinegun,vic_psotnikmed,2,,1000,900,,25,12,5,15,12,,,,KINETIC,30,,0,0.375,4,0.083,0,12,0.5,10,,850,,,,,"kinetic16, vic_t2weapons_bp",,Volkov Industries,,Anti Shield Suppression,,,,,"Submunition hits on hull or armor have a %s chance to arc to weapons and engines, dealing %s EMP damage.",20% | 50,,,,7.8
Vila Bolt Converger,vic_vila,2,,2000,600,,150,,5,15,12,28,1.7,7,ENERGY,150,,0.75,1,,,8,15,0.5,5,,650,,,,,"energy16, vic_t2weapons_bp",,Volkov Industries,,Strike,,,,Unnatural,On fire the projectiles converge on the cursor's position along the weapon's facing. Has a minimum range of convergence. Deals no damage to allies.,,,,,7.8
Balachko Cryoheat Generator,vic_balachko,2,,1500,600,,250,,5,15,12,,,,ENERGY,312.5,,0,1.4,3,0.3,0,0,0,0,,700,,,,,"energy16, vic_t1weapons_bp",,Volkov Industries,,Guardbreaker,,,,,Alternates between %s and %s damage on every shot. Does %s less damage to hull.,Kinetic | High Explosive | 35%,,,,7.8
,vic_balachkoIce,,,2000,600,,200,,5,15,12,,,,KINETIC,75,,0,0.5,,,0,15,0.5,5,,700,,,,SYSTEM,,,Volkov Industries,,,,,,,,,,,,7.8
,vic_balachkoFire,,,2000,600,,200,,5,15,12,,,,HIGH_EXPLOSIVE,75,,0,0.5,,,0,15,0.5,5,,700,,,,SYSTEM,,,Volkov Industries,,,,,,,,,,,,7.8
,,,,,,,,,,,,,,,,,,,,,,,,,,,,,,,,,,,,,,,,,,,,,,
,,,,,,,,,,,,,,,,,,,,,,,,,,,,,,,,,,,,,,,,,,,,,,
,,,,,,,,,,,,,,,,,,,,,,,,,,,,,,,,,,,,,,,,,,,,,,
#smal,,,,,,,,,,,,,,,,,,,,,,,,,,,,,,,,,,,,,,,,,,,,,,
Strigoy Flak Cannon,vic_strigoy,0,,500,350,,30,,0,75,6,,,,FRAGMENTATION,10,,0,1,,,0,10,0.5,5,,800,,,,"ANTI_FTR, PD, PD_ALSO","pd5, vic_t2weapons_bp",,Volkov Industries,,Point Defense (Area),,,,,,,,,,18
Rarog Atomic Emitter,vic_rarog,0,,400,450,125,,,0,100,5,,,,HIGH_EXPLOSIVE,,125,0.2,0.1,,,,,,,10000,,,,,ANTI_FTR,"beam6, he6, vic_t2weapons_bp",,Volkov Industries,,Anti Armor,,,,,,,,,,15.6
Laidlaw Mass Driver,vic_laidlawMassDriver,0,,600,700,,1000,,2,30,7,,,,FRAGMENTATION,600,,0.5,4.5,,,0,10,1.25,10,,2500,,,25,"STRIKE, USE_VS_FRIGATES","energy8, vic_t2weapons_bp",,Volkov Industries,,Hullbuster,Extreme,,,,%s Projectile hits create explosions dealing additional %s fragmentation damage.,Extremely fast projectiles. Deals soft flux damage. | 250,,,,7.5
Upyr Autocannon,vic_upyr,0,,600,600,,20,,1,30,7,,,,KINETIC,17,,0,0.1,2,0.1,0,18,1,9,,850,,,20,,"kinetic7, vic_t2weapons_bp",,Volkov Industries,,Anti Shield,,,,,,,,,,2.5
,,,,,,,,,,,,,,,,,,,,,,,,,,,,,,,,,,,,,,,,,,,,,,
,,,,,,,,,,,,,,,,,,,,,,,,,,,,,,,,,,,,,,,,,,,,,,
,,,,,,,,,,,,,,,,,,,,,,,,,,,,,,,,,,,,,,,,,,,,,,
#Build-ins,,,,,,,,,,,,,,,,,,,,,,,,,,,,,,,,,,Volkov Industries,,,,,,,,,,,,
Phase Lance (Shortranged),vic_phaselance,13,,1,250,1000,,,0,20,10,,,,ENERGY,,1200,0.25,0.5,1,4,,,,,3200,,,,,SYSTEM,"energy14, beam10",,Volkov Industries,,General,,,,,,,,,,20
Scatter Blaster,vic_scatterblaster,13,,1,500,,125,,3,100,42,12,,,ENERGY,50,,0,0.25,3,0.25,2,16,0.3,6,,800,,,,"DO_NOT_CONSERVE, STRIKE, SYSTEM",energy13,,Volkov Industries,,General,,,,,,,,,,4
Abyssus Array,vic_abyssalfangs,13,,100000,2000,,200,50,5,,45,24,0.8,24,KINETIC,150,,0,8.85,24,0.05,0,0,0,0,,450,1000,5,100,"DO_NOT_CONSERVE, ANTI_FTR, DO_NOT_AIM, SYSTEM,SHOW_IN_CODEX","missile12, strike8",,Volkov Industries,,Anti Shield,Fast,Excellent,,,,25% | 400,,,TRUE,12.1
Frag Proxy Mine for System (dont use),vic_fragMine,0,,100,500,,200,,10,0,1,,,,FRAGMENTATION,0,,0,0.1,3,0.15,0,0,0,0,,0,300,15,150,"DO_NOT_AIM, ANTI_FTR, PD_ONLY, SYSTEM",he0,,Volkov Industries,,Anti Fighter,,,,,,,,,,
Proxy Mine Launcher,vic_UvalFlagCanister,0,,100,500,,300,,10,0,5,6,0.666666666666666666666,2,FRAGMENTATION,150,,0,0.85,2,0.15,30,60,15,30,,0,300,5,50,"PD, DO_NOT_AIM, PD_ALSO, SYSTEM",he0,,Volkov Industries,,Anti Fighter,,,,,,,,,,
,,,,,,,,,,,,,,,,,,,,,,,,,,,,,,,,,,,,,,,,,,,,,,
Targeting Laser,vic_targetingLazer,0,,400,1500,5,,,0,100,2,,,,ENERGY,,5,0,0,,,,,,,10000,,,,,"SYSTEM, SHOW_IN_CODEX",beam0,,Volkov Industries,,Targeting,,,,,,,,,,
,,,,,,,,,,,,,,,,,,,,,,,,,,,,,,,,,,,,,,,,,,,,,,
,,,,,,,,,,,,,,,,,,,,,,,,,,,,,,,,,,,,,,,,,,,,,,
Melter,vic_melter,2,,69,400,750,,,0,100,7,,,,HIGH_EXPLOSIVE,,750,0,0,0.25,4.85,,,,,1000000,,,,,"PD_ALSO, ANTI_FTR, SYSTEM","pd9, beam6",,Volkov Industries,,Point Defense,,,,,,,,,,15.6
####,,,,,,,,,,,,,,,,,,,,,,,,,,,,,,,,,,,,,,,,,,,,,,
#systems,,,,,,,,,,,,,,,,,,,,,,,,,,,,,,,,,,,,,,,,,,,,,,
quantum Lunge Marker Weapon,vic_quantumLungeMarkerWeapon,0,,200000,1000,,4000,50,25,30,12,30,,,HIGH_EXPLOSIVE,0,,0,3,1,,0,0,0,0,,50,,,500,SYSTEM,,,,,,,,,,,,,,,38.7
,,,,,,,,,,,,,,,,,,,,,,,,,,,,,,,,,,,,,,,,,,,,,,
,,,,,,,,,,,,,,,,,,,,,,,,,,,,,,,,,,,,,,,,,,,,,,
#Decos with Scripts,,,,,,,,,,,,,,,,,,,,,,,,,,,,,,,,,,,,,,,,,,,,,,
apoll system,VIC_AppolSystem,,,,,,,,,,,,,,,,,,10,,,,,,,,,,,,SYSTEM,,,,,,,,,,,,,,,
omni lunge,VIC_OmniLungeEffect,,,,,,,,,,,,,,,,,,10,,,,,,,,,,,,SYSTEM,,,,,,,,,,,,,,,
,,,,,,,,,,,,,,,,,,,,,,,,,,,,,,,,,,,,,,,,,,,,,,
#Deco Weapons,,,,,,,,,,,,,,,,,,,,,,,,,,,,,,,,,,,,,,,,,,,,,,
Engine Glow Universal Small,vic_engine_glow_universal_small,,,,,,,,,,,,,,,,,,,,,,,,,,,,,,SYSTEM,,,,,,,,,,,,,,,
Engine Glow Universal Big,vic_engine_glow_universal_big,,,,,,,,,,,,,,,,,,,,,,,,,,,,,,SYSTEM,,,,,,,,,,,,,,,
Engine Vernier,vic_vernierEngine,,,,1,1,,,,,,,,,,,,,10,,,,,,,,,,,,SYSTEM,,,,,,,,,,,,,,,
Engine Vernier Orange,vic_vernierEngine_orange,,,,1,1,,,,,,,,,,,,,10,,,,,,,,,,,,SYSTEM,,,,,,,,,,,,,,,
,,,,,,,,,,,,,,,,,,,,,,,,,,,,,,,,,,,,,,,,,,,,,,
Nybbas Front Right,vic_nybbas_front_right,,,,,,,,,,,,,,,,,,,,,,,,,,,,,,SYSTEM,,,,,,,,,,,,,,,
Nybbas Front Left,vic_nybbas_front_left,,,,,,,,,,,,,,,,,,,,,,,,,,,,,,SYSTEM,,,,,,,,,,,,,,,
Nybbas Engline Glow Right,vic_nybbas_engine_glow_right,,,,,,,,,,,,,,,,,,,,,,,,,,,,,,SYSTEM,,,,,,,,,,,,,,,
Nybbas Engine Glow Left,vic_nybbas_engine_glow_left,,,,,,,,,,,,,,,,,,,,,,,,,,,,,,SYSTEM,,,,,,,,,,,,,,,
,,,,,,,,,,,,,,,,,,,,,,,,,,,,,,,,,,,,,,,,,,,,,,
Moloch Wing Left,vic_moloch_wing_left,,,,,,,,,,,,,,,,,,,,,,,,,,,,,,SYSTEM,,,,,,,,,,,,,,,
Moloch Wing Right,vic_moloch_wing_right,,,,,,,,,,,,,,,,,,,,,,,,,,,,,,SYSTEM,,,,,,,,,,,,,,,
Moloch Tail Left,vic_moloch_tail_left,,,,,,,,,,,,,,,,,,,,,,,,,,,,,,SYSTEM,,,,,,,,,,,,,,,
Moloch Tail Right,vic_moloch_tail_right,,,,,,,,,,,,,,,,,,,,,,,,,,,,,,SYSTEM,,,,,,,,,,,,,,,
Moloch Front Left,vic_moloch_front_left,,,,,,,,,,,,,,,,,,,,,,,,,,,,,,SYSTEM,,,,,,,,,,,,,,,
Moloch Front Right,vic_moloch_front_right,,,,,,,,,,,,,,,,,,,,,,,,,,,,,,SYSTEM,,,,,,,,,,,,,,,
Moloch Engine Glow 1,vic_moloch_engine_glow_1,,,,,,,,,,,,,,,,,,,,,,,,,,,,,,SYSTEM,,,,,,,,,,,,,,,
Moloch Engine Glow 2,vic_moloch_engine_glow_2,,,,,,,,,,,,,,,,,,,,,,,,,,,,,,SYSTEM,,,,,,,,,,,,,,,
Moloch Engine Glow 3,vic_moloch_engine_glow_3,,,,,,,,,,,,,,,,,,,,,,,,,,,,,,SYSTEM,,,,,,,,,,,,,,,
Moloch Engine Glow 4,vic_moloch_engine_glow_4,,,,,,,,,,,,,,,,,,,,,,,,,,,,,,SYSTEM,,,,,,,,,,,,,,,
,,,,,,,,,,,,,,,,,,,,,,,,,,,,,,,,,,,,,,,,,,,,,,
Kobal Deco Right,vic_kobal_deco_right,,,,,,,,,,,,,,,,,,,,,,,,,,,,,,SYSTEM,,,,,,,,,,,,,,,
Kobal Deco Left,vic_kobal_deco_left,,,,,,,,,,,,,,,,,,,,,,,,,,,,,,SYSTEM,,,,,,,,,,,,,,,
Kobal Deco Middle,vic_kobal_deco_middle,,,,,,,,,,,,,,,,,,,,,,,,,,,,,,SYSTEM,,,,,,,,,,,,,,,
Kobal Engine Glow Sides,vic_kobal_engine_glow_sides,,,,,,,,,,,,,,,,,,,,,,,,,,,,,,SYSTEM,,,,,,,,,,,,,,,
Kobal Engine Glow Middle,vic_kobal_engine_glow_middle,,,,,,,,,,,,,,,,,,,,,,,,,,,,,,SYSTEM,,,,,,,,,,,,,,,
,,,,,,,,,,,,,,,,,,,,,,,,,,,,,,,,,,,,,,,,,,,,,,
Jezebeth Wing Right,vic_jezebeth_wing_right,,,,,,,,,,,,,,,,,,,,,,,,,,,,,,SYSTEM,,,,,,,,,,,,,,,
Jezebeth Wing Left,vic_jezebeth_wing_left,,,,,,,,,,,,,,,,,,,,,,,,,,,,,,SYSTEM,,,,,,,,,,,,,,,
Jezebeth Engine Glow Right,vic_jezebeth_engine_glow_right,,,,,,,,,,,,,,,,,,,,,,,,,,,,,,SYSTEM,,,,,,,,,,,,,,,
Jezebeth Engine Glow Left,vic_jezebeth_engine_glow_left,,,,,,,,,,,,,,,,,,,,,,,,,,,,,,SYSTEM,,,,,,,,,,,,,,,
Jezebeth Front Right,vic_jezebeth_front_right,,,,,,,,,,,,,,,,,,,,,,,,,,,,,,SYSTEM,,,,,,,,,,,,,,,
Jezebeth Front Left,vic_jezebeth_front_left,,,,,,,,,,,,,,,,,,,,,,,,,,,,,,SYSTEM,,,,,,,,,,,,,,,
,,,,,,,,,,,,,,,,,,,,,,,,,,,,,,,,,,,,,,,,,,,,,,
Xaphan Deco Front,vic_xaphandecofront,,,,,,,,,,,,,,,,,,,,,,,,,,,,,,SYSTEM,,,,,,,,,,,,,,,
Xaphan Deco Right,vic_xaphandecoright,,,,,,,,,,,,,,,,,,,,,,,,,,,,,,SYSTEM,,,,,,,,,,,,,,,
Xaphan Deco Left,vic_xaphandecoleft,,,,,,,,,,,,,,,,,,,,,,,,,,,,,,SYSTEM,,,,,,,,,,,,,,,
Xaphan Engine Glow,vic_xaphan_engine_glow,,,,,,,,,,,,,,,,,,,,,,,,,,,,,,SYSTEM,,,,,,,,,,,,,,,
,,,,,,,,,,,,,,,,,,,,,,,,,,,,,,,,,,,,,,,,,,,,,,
Apollyon Rear Right Bottom,vic_apollyon_rear_right_bottom,,,,,,,,,,,,,,,,,,,,,,,,,,,,,,SYSTEM,,,,,,,,,,,,,,,
Apollyon Rear Right Top,vic_apollyon_rear_right_top,,,,,,,,,,,,,,,,,,,,,,,,,,,,,,SYSTEM,,,,,,,,,,,,,,,
Apollyon Rear Left Bottom,vic_apollyon_rear_left_bottom,,,,,,,,,,,,,,,,,,,,,,,,,,,,,,SYSTEM,,,,,,,,,,,,,,,
Apollyon Rear Left Top,vic_apollyon_rear_left_top,,,,,,,,,,,,,,,,,,,,,,,,,,,,,,SYSTEM,,,,,,,,,,,,,,,
Apollyon Wing 1,vic_apollyon_wing_1,,,,,,,,,,,,,,,,,,,,,,,,,,,,,,SYSTEM,,,,,,,,,,,,,,,
Apollyon Wing 2,vic_apollyon_wing_2,,,,,,,,,,,,,,,,,,,,,,,,,,,,,,SYSTEM,,,,,,,,,,,,,,,
Apollyon Wing 3,vic_apollyon_wing_3,,,,,,,,,,,,,,,,,,,,,,,,,,,,,,SYSTEM,,,,,,,,,,,,,,,
Apollyon Wing 4,vic_apollyon_wing_4,,,,,,,,,,,,,,,,,,,,,,,,,,,,,,SYSTEM,,,,,,,,,,,,,,,
Apollyon Front Right,vic_apollyon_front_right,,,,,,,,,,,,,,,,,,,,,,,,,,,,,,SYSTEM,,,,,,,,,,,,,,,
Apollyon Front Left,vic_apollyon_front_left,,,,,,,,,,,,,,,,,,,,,,,,,,,,,,SYSTEM,,,,,,,,,,,,,,,
Apollyon Front Shadow,vic_apollyon_front_shadow,,,,,,,,,,,,,,,,,,,,,,,,,,,,,,SYSTEM,,,,,,,,,,,,,,,
Apollyon Rear Wing Right,vic_apollyon_rear_wing_right,,,,,,,,,,,,,,,,,,,,,,,,,,,,,,SYSTEM,,,,,,,,,,,,,,,
Apollyon Rear Wing Left,vic_apollyon_rear_wing_left,,,,,,,,,,,,,,,,,,,,,,,,,,,,,,SYSTEM,,,,,,,,,,,,,,,
Apollyon Engine Glow Test 1,vic_apollyon_engine_glow_test1,,,,,,,,,,,,,,,,,,,,,,,,,,,,,,SYSTEM,,,,,,,,,,,,,,,
Apollyon Engine Glow Test 2,vic_apollyon_engine_glow_test2,,,,,,,,,,,,,,,,,,,,,,,,,,,,,,SYSTEM,,,,,,,,,,,,,,,
Apollyon Engine Glow Test 3,vic_apollyon_engine_glow_test3,,,,,,,,,,,,,,,,,,,,,,,,,,,,,,SYSTEM,,,,,,,,,,,,,,,
Apollyon Engine Glow Test 4,vic_apollyon_engine_glow_test4,,,,,,,,,,,,,,,,,,,,,,,,,,,,,,SYSTEM,,,,,,,,,,,,,,,
Apollyon Engine Glow Test 5,vic_apollyon_engine_glow_test5,,,,,,,,,,,,,,,,,,,,,,,,,,,,,,SYSTEM,,,,,,,,,,,,,,,
Apollyon Engine Glow Test 6,vic_apollyon_engine_glow_test6,,,,,,,,,,,,,,,,,,,,,,,,,,,,,,SYSTEM,,,,,,,,,,,,,,,
Apollyon Engine Glow Test 7,vic_apollyon_engine_glow_test7,,,,,,,,,,,,,,,,,,,,,,,,,,,,,,SYSTEM,,,,,,,,,,,,,,,
Apollyon Engine Glow Test 8,vic_apollyon_engine_glow_test8,,,,,,,,,,,,,,,,,,,,,,,,,,,,,,SYSTEM,,,,,,,,,,,,,,,
,,,,,,,,,,,,,,,,,,,,,,,,,,,,,,,,,,,,,,,,,,,,,,
Pruflas Engine Glow 1,vic_pruflas_engine_glow_1,,,,,,,,,,,,,,,,,,,,,,,,,,,,,,SYSTEM,,,,,,,,,,,,,,,
Pruflas Engine Glow 2,vic_pruflas_engine_glow_2,,,,,,,,,,,,,,,,,,,,,,,,,,,,,,SYSTEM,,,,,,,,,,,,,,,
Pruflas Engine Glow 3,vic_pruflas_engine_glow_3,,,,,,,,,,,,,,,,,,,,,,,,,,,,,,SYSTEM,,,,,,,,,,,,,,,
Pruflas Engine Glow 4,vic_pruflas_engine_glow_4,,,,,,,,,,,,,,,,,,,,,,,,,,,,,,SYSTEM,,,,,,,,,,,,,,,
Pruflas Engine Glow 5,vic_pruflas_engine_glow_5,,,,,,,,,,,,,,,,,,,,,,,,,,,,,,SYSTEM,,,,,,,,,,,,,,,
Pruflas Wing Left,vic_pruflas_wing_left,,,,,,,,,,,,,,,,,,,,,,,,,,,,,,SYSTEM,,,,,,,,,,,,,,,
Pruflas Wing Right,vic_pruflas_wing_right,,,,,,,,,,,,,,,,,,,,,,,,,,,,,,SYSTEM,,,,,,,,,,,,,,,
,,,,,,,,,,,,,,,,,,,,,,,,,,,,,,,,,,,,,,,,,,,,,,
Thamuz Deco Left,vic_thamuz_deco_left,,,,,,,,,,,,,,,,,,,,,,,,,,,,,,SYSTEM,,,,,,,,,,,,,,,
Thamuz Deco Right,vic_thamuz_deco_right,,,,,,,,,,,,,,,,,,,,,,,,,,,,,,SYSTEM,,,,,,,,,,,,,,,
Thamuz Engine Glow Sides,vic_thamuz_engine_glow_sides,,,,,,,,,,,,,,,,,,,,,,,,,,,,,,SYSTEM,,,,,,,,,,,,,,,
,,,,,,,,,,,,,,,,,,,,,,,,,,,,,,,,,,,,,,,,,,,,,,
Samael Engine Glow 1,vic_samael_engine_glow_1,,,,,,,,,,,,,,,,,,,,,,,,,,,,,,SYSTEM,,,,,,,,,,,,,,,
Samael Engine Glow 2,vic_samael_engine_glow_2,,,,,,,,,,,,,,,,,,,,,,,,,,,,,,SYSTEM,,,,,,,,,,,,,,,
Samael Engine Glow 3,vic_samael_engine_glow_3,,,,,,,,,,,,,,,,,,,,,,,,,,,,,,SYSTEM,,,,,,,,,,,,,,,
Samael Engine Glow 4,vic_samael_engine_glow_4,,,,,,,,,,,,,,,,,,,,,,,,,,,,,,SYSTEM,,,,,,,,,,,,,,,
,,,,,,,,,,,,,,,,,,,,,,,,,,,,,,,,,,,,,,,,,,,,,,
Valafar Tail Left,vic_valafar_tail_left,,,,,,,,,,,,,,,,,,,,,,,,,,,,,,SYSTEM,,,,,,,,,,,,,,,
Valafar Tail Right,vic_valafar_tail_right,,,,,,,,,,,,,,,,,,,,,,,,,,,,,,SYSTEM,,,,,,,,,,,,,,,
Valafar Wing Left,vic_valafar_wing_left,,,,,,,,,,,,,,,,,,,,,,,,,,,,,,SYSTEM,,,,,,,,,,,,,,,
Valafar Wing Right,vic_valafar_wing_right,,,,,,,,,,,,,,,,,,,,,,,,,,,,,,SYSTEM,,,,,,,,,,,,,,,
Valafar Front Left,vic_valafar_front_left,,,,,,,,,,,,,,,,,,,,,,,,,,,,,,SYSTEM,,,,,,,,,,,,,,,
Valafar Front Right,vic_valafar_front_right,,,,,,,,,,,,,,,,,,,,,,,,,,,,,,SYSTEM,,,,,,,,,,,,,,,
Valafar Engine Glow Left,vic_valafar_engine_glow_left,,,,,,,,,,,,,,,,,,,,,,,,,,,,,,SYSTEM,,,,,,,,,,,,,,,
Valafar Engine Glow Right,vic_valafar_engine_glow_right,,,,,,,,,,,,,,,,,,,,,,,,,,,,,,SYSTEM,,,,,,,,,,,,,,,
,,,,,,,,,,,,,,,,,,,,,,,,,,,,,,,,,,,,,,,,,,,,,,
Oriax Engine Glow 1,vic_oriax_engine_glow_1,,,,,,,,,,,,,,,,,,,,,,,,,,,,,,SYSTEM,,,,,,,,,,,,,,,
Oriax Engine Glow 2,vic_oriax_engine_glow_2,,,,,,,,,,,,,,,,,,,,,,,,,,,,,,SYSTEM,,,,,,,,,,,,,,,
Oriax Engine Glow 3,vic_oriax_engine_glow_3,,,,,,,,,,,,,,,,,,,,,,,,,,,,,,SYSTEM,,,,,,,,,,,,,,,
Oriax Engine Glow 4,vic_oriax_engine_glow_4,,,,,,,,,,,,,,,,,,,,,,,,,,,,,,SYSTEM,,,,,,,,,,,,,,,
Oriax Engine Glow 5,vic_oriax_engine_glow_5,,,,,,,,,,,,,,,,,,,,,,,,,,,,,,SYSTEM,,,,,,,,,,,,,,,
Oriax Engine Glow 6,vic_oriax_engine_glow_6,,,,,,,,,,,,,,,,,,,,,,,,,,,,,,SYSTEM,,,,,,,,,,,,,,,
,,,,,,,,,,,,,,,,,,,,,,,,,,,,,,,,,,,,,,,,,,,,,,
Oriax Nose,vic_oriax_nose,,,,,,,,,,,,,,,,,,,,,,,,,,,,,,SYSTEM,,,,,,,,,,,,,,,
Oriax Sidewing Left,vic_oriax_sidewing_left,,,,,,,,,,,,,,,,,,,,,,,,,,,,,,SYSTEM,,,,,,,,,,,,,,,
Oriax Sidewing Right,vic_oriax_sidewing_right,,,,,,,,,,,,,,,,,,,,,,,,,,,,,,SYSTEM,,,,,,,,,,,,,,,
Oriax Tail Left,vic_oriax_tail_left,,,,,,,,,,,,,,,,,,,,,,,,,,,,,,SYSTEM,,,,,,,,,,,,,,,
Oriax Tail Right,vic_oriax_tail_right,,,,,,,,,,,,,,,,,,,,,,,,,,,,,,SYSTEM,,,,,,,,,,,,,,,
,,,,,,,,,,,,,,,,,,,,,,,,,,,,,,,,,,,,,,,,,,,,,,
Oriax System Glow,vic_deco_oriax_system_glow,,,,,,,,,,,,,,,,,,,,,,,,,,,,,,SYSTEM,,,,,,,,,,,,,,,
,,,,,,,,,,,,,,,,,,,,,,,,,,,,,,,,,,,,,,,,,,,,,,
Oriax Decal Left,vic_deco_oriaxDecalLeft,,,,,,,,,,,,,,,,,,,,,,,,,,,,,,SYSTEM,,,,,,,,,,,,,,,
Oriax Decal Right,vic_deco_oriaxDecalRight,,,,,,,,,,,,,,,,,,,,,,,,,,,,,,SYSTEM,,,,,,,,,,,,,,,
,,,,,,,,,,,,,,,,,,,,,,,,,,,,,,,,,,,,,,,,,,,,,,
Stolas Engine Left,vic_stolas_engine_glow_left,,,,,,,,,,,,,,,,,,,,,,,,,,,,,,SYSTEM,,,,,,,,,,,,,,,
Stolas Engine Central,vic_stolas_engine_glow_central,,,,,,,,,,,,,,,,,,,,,,,,,,,,,,SYSTEM,,,,,,,,,,,,,,,
Stolas Engine Right,vic_stolas_engine_glow_right,,,,,,,,,,,,,,,,,,,,,,,,,,,,,,SYSTEM,,,,,,,,,,,,,,,
,,,,,,,,,,,,,,,,,,,,,,,,,,,,,,,,,,,,,,,,,,,,,,
#Blonkers,,,,,,,,,,,,,,,,,,,,,,,,,,,,,,,,,,,,,,,,,,,,,,
Blonker red,vic_blonkerRed,,,,,,,,,,,,,,,,,,,,,,,,,,,,,,SYSTEM,,,,,,,,,,,,,,,
Blonker Cyan,vic_blonkerCyan,,,,,,,,,,,,,,,,,,,,,,,,,,,,,,SYSTEM,,,,,,,,,,,,,,,
,,,,,,,,,,,,,,,,,,,,,,,,,,,,,,,,,,,,,,,,,,,,,,
#Fighter Trails,,,,,,,,,,,,,,,,,,,,,,,,,,,,,,,,,,,,,,,,,,,,,,
VIC Fighter Engine Trail,vic_fighterTrail,,,,,,,,,,,,,,,,,,,,,,,,,,,,,,SYSTEM,,,,,,,,,,,,,,,
,,,,,,,,,,,,,,,,,,,,,,,,,,,,,,,,,,,,,,,,,,,,,,
VIC DDUMMY DECO,vic_deco_dummy,,,,,,,,,,,,,,,,,,,,,,,,,,,,,,,,,,,,,,,,,,,,,
,,,,,,,,,,,,,,,,,,,,,,,,,,,,,,,,,,,,,,,,,,,,,,
,,,,,,,,,,,,,,,,,,,,,,,,,,,,,,,,,,,,,,,,,,,,,,