id,type,frame,magnitude,map,path
ms_charybdis,ship,,,material,graphics/shadow_ships/material/ms_charybdis_material.png
ms_elysium,ship,,,material,graphics/shadow_ships/material/elysium/ms_elysium_material.png
ms_elysium_L,ship,,,material,graphics/shadow_ships/material/elysium/ms_elysium_L_material.png
ms_elysium_P,ship,,,material,graphics/shadow_ships/material/elysium/ms_elysium_L_material.png
ms_enlil,ship,,,material,graphics/shadow_ships/material/enlil/ms_enlil_material.png
ms_enlil_L,ship,,,material,graphics/shadow_ships/material/enlil/ms_enlil_L_material.png
ms_inanna,ship,,,material,graphics/shadow_ships/material/inanna/ms_inanna_material.png
ms_kobold,ship,,,material,graphics/shadow_ships/material/ms_kobold_material.png
ms_lambent,ship,,,material,graphics/shadow_ships/material/ms_lambent_material.png
ms_mimir,ship,,,material,graphics/shadow_ships/material/ms_mimir_material.png
ms_morningstar,ship,,,material,graphics/shadow_ships/material/morningstar/ms_morningstar_material.png
ms_morningstar_L,ship,,,material,graphics/shadow_ships/material/morningstar/ms_morningstar_L_material.png
ms_neriad,ship,,,material,graphics/shadow_ships/material/ms_neriad_material.png
ms_potnia,ship,,,material,graphics/shadow_ships/material/ms_potnia_material.png
msp_potniaBis,ship,,,material,graphics/shadow_ships/material/ms_potniaBis_material.png
ms_raksasha,ship,,,material,graphics/shadow_ships/material/ms_raksasha_material.png
ms_sargasso,ship,,,material,graphics/shadow_ships/material/sargasso/ms_sargasso_material.png
ms_sargasso_L,ship,,,material,graphics/shadow_ships/material/sargasso/ms_sargasso_L_material.png
ms_scylla,ship,,,material,graphics/shadow_ships/material/phase/ms_scylla_material.png
ms_seski,ship,,,material,graphics/shadow_ships/material/seski/ms_seski_material.png
ms_seski_L,ship,,,material,graphics/shadow_ships/material/seski/ms_seski_L_material.png
ms_shamash,ship,,,material,graphics/shadow_ships/material/phase/ms_shamash_material.png
ms_shamash_P,ship,,,material,graphics/shadow_ships/material/phase/ms_shamash_P_material.png
ms_skinwalker,ship,,,material,graphics/shadow_ships/material/ms_skinwalker_material.png
ms_solidarity,ship,,,material,graphics/shadow_ships/material/solidarity/ms_solidarity_material.png
ms_solidarity_P,ship,,,material,graphics/shadow_ships/material/solidarity/ms_solidarity_P_material.png
msp_southpaw,ship,,,material,graphics/shadow_ships/material/ms_southpaw_material.png
ms_tartarus,ship,,,material,graphics/shadow_ships/material/ms_tartarus_material.png
msp_thresher,ship,,,material,graphics/shadow_ships/material/ms_thresher_material.png
ms_ashnan,ship,,,material,graphics/shadow_ships/material/ms_ashnan_material.png
ms_clade,ship,,,material,graphics/shadow_ships/material/clade/ms_clade_material.png
ms_clade_P,ship,,,material,graphics/shadow_ships/material/clade/ms_clade_P_material.png
ms_belit-seri,ship,,,material,graphics/shadow_ships/material/ms_belet-seri_material.png
ms_wraith,ship,,,material,graphics/shadow_ships/material/drones/ms_wraith_material.png
msp_baseplate,ship,,,material,graphics/shadow_ships/material/msp_baseplate_material.png
ms_dromedary,ship,,,material,graphics/shadow_ships/material/ms_dromad_material.png
ms_minos,ship,,,material,graphics/shadow_ships/material/minos/ms_minos_material.png
ms_vardr,ship,,,material,graphics/shadow_ships/material/ms_vardr_material.png
ms_minarette,ship,,,material,graphics/shadow_ships/material/ms_minarette_material.png
ms_anu,ship,,,material,graphics/shadow_ships/material/ms_anu_material.png
ms_cetus,ship,,,material,graphics/shadow_ships/material/ms_cetus_material.png
ms_skolopendra,ship,,,material,graphics/shadow_ships/material/phase/ms_skolopendra_material.png
ms_delphi,ship,,,material,graphics/shadow_ships/material/ms_delphi_material.png
ms_semele,ship,,,material,graphics/shadow_ships/material/ms_semele_material.png
ms_upelluri,ship,,,material,graphics/shadow_ships/material/stations/ms_upelluri_material.png
ms_lobatus,ship,,,material,graphics/shadow_ships/material/ms_lobatus_m.png
msp_carmine,ship,,,material,graphics/shadow_ships/material/carmine/ms_carmine_m.png
msp_heckler,ship,,,material,graphics/shadow_ships/material/ms_heckler_m.png
msp_vulgar,ship,,,material,graphics/shadow_ships/material/ms_vulgar_m.png
ms_carmine_RC,ship,,,material,graphics/shadow_ships/material/carmine/ms_carmineARC_m.png
ms_eir,ship,,,material,graphics/shadow_ships/material/ms_eir_m.png
ms_enlilRC,ship,,,material,graphics/shadow_ships/material/enlil/ms_enlilRC_mat.png
ms_cladeRC,ship,,,material,graphics/shadow_ships/material/clade/ms_cladeRC_mat.png
ms_inannaRC,ship,,,material,graphics/shadow_ships/material/inanna/ms_inannaRC_mat.png
ms_potniaTris,ship,,,material,graphics/shadow_ships/material/ms_potniaTris_mat.png
ms_kabaloi,ship,,,material,graphics/shadow_ships/material/kabaloi/ms_kabaloi_mat.png
ms_charybdis,ship,,1,normal,graphics/shadow_ships/normal/ms_charybdis_normal.png
ms_elysium,ship,,1,normal,graphics/shadow_ships/normal/elysium/ms_elysium_normal.png
ms_elysium_L,ship,,1,normal,graphics/shadow_ships/normal/elysium/ms_elysium_normal.png
ms_elysium_P,ship,,1,normal,graphics/shadow_ships/normal/elysium/ms_elysium_normal.png
ms_enlil,ship,,1,normal,graphics/shadow_ships/normal/enlil/ms_enlil_normal.png
ms_enlil_L,ship,,1,normal,graphics/shadow_ships/normal/enlil/ms_enlil_normal.png
ms_inanna,ship,,1,normal,graphics/shadow_ships/normal/ms_inanna_normal.png
ms_kobold,ship,,1,normal,graphics/shadow_ships/normal/ms_kobold_normal.png
ms_lambent,ship,,1,normal,graphics/shadow_ships/normal/ms_lambent_normal.png
ms_mimir,ship,,1,normal,graphics/shadow_ships/normal/ms_mimir_normal.png
ms_morningstar,ship,,1,normal,graphics/shadow_ships/normal/morningstar/ms_morningstar_normal.png
ms_morningstar_L,ship,,1,normal,graphics/shadow_ships/normal/morningstar/ms_morningstar_normal.png
ms_neriad,ship,,1,normal,graphics/shadow_ships/normal/ms_neriad_normal.png
ms_potnia,ship,,1,normal,graphics/shadow_ships/normal/ms_potnia_normal.png
msp_potniaBis,ship,,1,normal,graphics/shadow_ships/normal/ms_potniaBis_normal.png
ms_raksasha,ship,,1,normal,graphics/shadow_ships/normal/ms_raksasha_normal.png
ms_sargasso,ship,,1,normal,graphics/shadow_ships/normal/sargasso/ms_sargasso_normal.png
ms_sargasso_L,ship,,1,normal,graphics/shadow_ships/normal/sargasso/ms_sargasso_normal.png
ms_scylla,ship,,1,normal,graphics/shadow_ships/normal/phase/ms_scylla_normal.png
ms_seski,ship,,1,normal,graphics/shadow_ships/normal/seski/ms_seski_normal.png
ms_seski_L,ship,,1,normal,graphics/shadow_ships/normal/seski/ms_seski_normal.png
ms_shamash,ship,,1,normal,graphics/shadow_ships/normal/phase/ms_shamash_normal.png
ms_shamash_P,ship,,1,normal,graphics/shadow_ships/normal/phase/ms_shamash_normal.png
ms_skinwalker,ship,,1,normal,graphics/shadow_ships/normal/ms_skinwalker_normal.png
ms_solidarity,ship,,1,normal,graphics/shadow_ships/normal/ms_solidarity_normal.png
ms_solidarity_P,ship,,1,normal,graphics/shadow_ships/normal/ms_solidarity_normal.png
msp_southpaw,ship,,1,normal,graphics/shadow_ships/normal/ms_southpaw_normal.png
ms_tartarus,ship,,1,normal,graphics/shadow_ships/normal/ms_tartarus_normal.png
msp_thresher,ship,,1,normal,graphics/shadow_ships/normal/ms_thresher_normal.png
ms_ashnan,ship,,1,normal,graphics/shadow_ships/normal/ms_ashnan_normal.png
ms_clade,ship,,1,normal,graphics/shadow_ships/normal/ms_clade_normal.png
ms_clade_P,ship,,1,normal,graphics/shadow_ships/normal/ms_clade_normal.png
ms_belit-seri,ship,,1,normal,graphics/shadow_ships/normal/ms_belet-seri_normal.png
ms_wraith,ship,,1,normal,graphics/shadow_ships/normal/drones/ms_wraith_normal.png
msp_baseplate,ship,,1,normal,graphics/shadow_ships/normal/msp_baseplate_normal.png
ms_dromedary,ship,,1,normal,graphics/shadow_ships/normal/ms_dromad_normal.png
ms_minos,ship,,1,normal,graphics/shadow_ships/normal/minos/ms_minos_normal.png
ms_vardr,ship,,1,normal,graphics/shadow_ships/normal/ms_vardr_normal.png
ms_minarette,ship,,1,normal,graphics/shadow_ships/normal/ms_minarette_normal.png
ms_anu,ship,,1,normal,graphics/shadow_ships/normal/ms_anu_normal.png
ms_cetus,ship,,1,normal,graphics/shadow_ships/normal/ms_cetus_normal.png
ms_skolopendra,ship,,1,normal,graphics/shadow_ships/normal/phase/ms_skolopendra_normal.png
ms_delphi,ship,,1,normal,graphics/shadow_ships/normal/ms_delphi_normal.png
ms_semele,ship,,1,normal,graphics/shadow_ships/normal/ms_semele_normal.png
ms_upelluri,ship,,1,normal,graphics/shadow_ships/normal/stations/ms_upelluri_n.png
ms_lobatus,ship,,1,normal,graphics/shadow_ships/normal/ms_lobatus_n.png
msp_carmine,ship,,1,normal,graphics/shadow_ships/normal/ms_carmine_n.png
msp_heckler,ship,,1,normal,graphics/shadow_ships/normal/ms_heckler_n.png
msp_vulgar,ship,,1,normal,graphics/shadow_ships/normal/ms_vulgar_n.png
ms_carmine_RC,ship,,1,normal,graphics/shadow_ships/normal/ms_carmine_n.png
ms_eir,ship,,1,normal,graphics/shadow_ships/normal/ms_eir_n.png
ms_enlilRC,ship,,1,normal,graphics/shadow_ships/normal/enlil/ms_enlil_normal.png
ms_cladeRC,ship,,1,normal,graphics/shadow_ships/normal/ms_clade_normal.png
ms_inannaRC,ship,,1,normal,graphics/shadow_ships/normal/ms_inanna_normal.png
ms_potniaTris,ship,,1,normal,graphics/shadow_ships/normal/ms_potniaTris_n.png
ms_kabaloi,ship,,1,normal,graphics/shadow_ships/normal/kabaloi/ms_kabaloi_n.png
ms_charybdis,ship,,,surface,graphics/shadow_ships/surface/ms_charybdis_surface.png
ms_elysium,ship,,,surface,graphics/shadow_ships/surface/elysium/ms_elysium_surface.png
ms_elysium_L,ship,,,surface,graphics/shadow_ships/surface/elysium/ms_elysium_surface.png
ms_elysium_P,ship,,,surface,graphics/shadow_ships/surface/elysium/ms_elysium_surface.png
ms_enlil,ship,,,surface,graphics/shadow_ships/surface/enlil/ms_enlil_surface.png
ms_enlilCiv,ship,,,surface,graphics/shadow_ships/surface/enlil/ms_enlil_surface.png
ms_inanna,ship,,,surface,graphics/shadow_ships/surface/ms_inanna_surface.png
ms_kobold,ship,,,surface,graphics/shadow_ships/surface/ms_kobold_surface.png
ms_lambent,ship,,,surface,graphics/shadow_ships/surface/ms_lambent_surface.png
ms_mimir,ship,,,surface,graphics/shadow_ships/surface/ms_mimir_surface.png
ms_morningstar,ship,,,surface,graphics/shadow_ships/surface/morningstar/ms_morningstar_surface.png
ms_morningstar_L,ship,,,surface,graphics/shadow_ships/surface/morningstar/ms_morningstar_surface.png
ms_neriad,ship,,,surface,graphics/shadow_ships/surface/ms_neriad_surface.png
ms_potnia,ship,,,surface,graphics/shadow_ships/surface/ms_potnia_surface.png
msp_potniaBis,ship,,,surface,graphics/shadow_ships/surface/ms_potniaBis_surface.png
ms_raksasha,ship,,,surface,graphics/shadow_ships/surface/ms_raksasha_surface.png
ms_sargasso,ship,,,surface,graphics/shadow_ships/surface/sargasso/ms_sargasso_surface.png
ms_sargasso_L,ship,,,surface,graphics/shadow_ships/surface/sargasso/ms_sargasso_surface.png
ms_scylla,ship,,,surface,graphics/shadow_ships/surface/phase/ms_scylla_surface.png
ms_seski,ship,,,surface,graphics/shadow_ships/surface/seski/ms_seski_surface.png
ms_seski_L,ship,,,surface,graphics/shadow_ships/surface/seski/ms_seski_surface.png
ms_shamash,ship,,,surface,graphics/shadow_ships/surface/phase/ms_shamash_surface.png
ms_shamash_P,ship,,,surface,graphics/shadow_ships/surface/phase/ms_shamash_surface.png
ms_skinwalker,ship,,,surface,graphics/shadow_ships/surface/ms_skinwalker_surface.png
ms_solidarity,ship,,,surface,graphics/shadow_ships/surface/ms_solidarity_surface.png
ms_solidarity_P,ship,,,surface,graphics/shadow_ships/surface/ms_solidarity_surface.png
msp_southpaw,ship,,,surface,graphics/shadow_ships/surface/ms_southpaw_surface.png
ms_tartarus,ship,,,surface,graphics/shadow_ships/surface/ms_tartarus_surface.png
msp_thresher,ship,,,surface,graphics/shadow_ships/surface/ms_thresher_surface.png
ms_ashnan,ship,,,surface,graphics/shadow_ships/surface/ms_ashnan_surface.png
ms_clade,ship,,,surface,graphics/shadow_ships/surface/ms_clade_surface.png
ms_clade_P,ship,,,surface,graphics/shadow_ships/surface/ms_clade_surface.png
ms_belit-seri,ship,,,surface,graphics/shadow_ships/surface/ms_belet-seri_surface.png
ms_wraith,ship,,,surface,graphics/shadow_ships/surface/drones/ms_wraith_surface.png
msp_baseplate,ship,,,surface,graphics/shadow_ships/surface/msp_baseplate_surface.png
ms_dromedary,ship,,,surface,graphics/shadow_ships/surface/ms_dromad_surface.png
ms_minos,ship,,,surface,graphics/shadow_ships/surface/minos/ms_minos_surface.png
ms_vardr,ship,,,surface,graphics/shadow_ships/surface/ms_vardr_surface.png
ms_minarette,ship,,,surface,graphics/shadow_ships/surface/ms_minarette_surface.png
ms_anu,ship,,,surface,graphics/shadow_ships/surface/ms_anu_surface.png
ms_cetus,ship,,,surface,graphics/shadow_ships/surface/ms_cetus_surface.png
ms_skolopendra,ship,,,surface,graphics/shadow_ships/surface/phase/ms_skolopendra_surface.png
ms_delphi,ship,,,surface,graphics/shadow_ships/surface/ms_delphi_surface.png
ms_semele,ship,,,surface,graphics/shadow_ships/surface/ms_semele_surface.png
ms_upelluri,ship,,,surface,graphics/shadow_ships/surface/stations/ms_upelluri_surface.png
ms_lobatus,ship,,,surface,graphics/shadow_ships/surface/ms_lobatus_s.png
msp_carmine,ship,,,surface,graphics/shadow_ships/surface/ms_carmine_s.png
msp_heckler,ship,,,surface,graphics/shadow_ships/surface/ms_heckler_s.png
msp_vulgar,ship,,,surface,graphics/shadow_ships/surface/ms_vulgar_s.png
ms_carmine_RC,ship,,,surface,graphics/shadow_ships/surface/ms_carmine_s.png
ms_eir,ship,,,surface,graphics/shadow_ships/surface/ms_eir_s.png
ms_enlilRC,ship,,,surface,graphics/shadow_ships/surface/enlil/ms_enlil_surface.png
ms_cladeRC,ship,,,surface,graphics/shadow_ships/surface/ms_clade_surface.png
ms_inannaRC,ship,,,surface,graphics/shadow_ships/surface/ms_inanna_surface.png
ms_potniaTris,ship,,,surface,graphics/shadow_ships/surface/ms_potniaTris_s.png
ms_kabaloi,ship,,,surface,graphics/shadow_ships/surface/kabaloi/ms_kabaloi_s.png
,,,,,
ms_rakpod,turret,,,material,graphics/shadow_weapons/material/decorative/ms_rakpod_material.png
ms_rakpod,hardpoint,,,material,graphics/shadow_weapons/material/decorative/ms_rakpod_material.png
ms_swpod,turret,,,material,graphics/shadow_weapons/material/decorative/ms_swpod_material.png
ms_swpod,hardpoint,,,material,graphics/shadow_weapons/material/decorative/ms_swpod_material.png
ms_enCapSmall,turret,,,material,graphics/shadow_weapons/material/decorative/thrust/ms_capSmall_material.png
ms_enCapSmall,hardpoint,,,material,graphics/shadow_weapons/material/decorative/thrust/ms_capSmall_material.png
ms_enCapMid,turret,,,material,graphics/shadow_weapons/material/decorative/thrust/ms_capMed_material.png
ms_enCapMid,hardpoint,,,material,graphics/shadow_weapons/material/decorative/thrust/ms_capMed_material.png
ms_enCapLarge,turret,,,material,graphics/shadow_weapons/material/decorative/thrust/ms_capLarge_material.png
ms_enCapLarge,hardpoint,,,material,graphics/shadow_weapons/material/decorative/thrust/ms_capLarge_material.png
ms_rakpod,turret,,1,normal,graphics/shadow_weapons/normal/decorative/ms_rakpod_normal.png
ms_rakpod,hardpoint,,1,normal,graphics/shadow_weapons/normal/decorative/ms_rakpod_normal.png
ms_swpod,turret,,1,normal,graphics/shadow_weapons/normal/decorative/ms_swpod_normal.png
ms_swpod,hardpoint,,1,normal,graphics/shadow_weapons/normal/decorative/ms_swpod_normal.png
ms_enCapSmall,turret,,1,normal,graphics/shadow_weapons/normal/decorative/thrust/ms_capSmall_normal.png
ms_enCapSmall,hardpoint,,1,normal,graphics/shadow_weapons/normal/decorative/thrust/ms_capSmall_normal.png
ms_enCapMid,turret,,1,normal,graphics/shadow_weapons/normal/decorative/thrust/ms_capMed_normal.png
ms_enCapMid,hardpoint,,1,normal,graphics/shadow_weapons/normal/decorative/thrust/ms_capMed_normal.png
ms_enCapLarge,turret,,1,normal,graphics/shadow_weapons/normal/decorative/thrust/ms_capLarge_normal.png
ms_enCapLarge,hardpoint,,1,normal,graphics/shadow_weapons/normal/decorative/thrust/ms_capLarge_normal.png
ms_rakpod,turret,,,surface,graphics/shadow_weapons/surface/decorative/ms_rakpod_surface.png
ms_rakpod,hardpoint,,,surface,graphics/shadow_weapons/surface/decorative/ms_rakpod_surface.png
ms_swpod,turret,,,surface,graphics/shadow_weapons/surface/decorative/ms_swpod_surface.png
ms_swpod,hardpoint,,,surface,graphics/shadow_weapons/surface/decorative/ms_swpod_surface.png
ms_enCapSmall,turret,,,surface,graphics/shadow_weapons/surface/decorative/thrust/ms_capSmall_surface.png
ms_enCapSmall,hardpoint,,,surface,graphics/shadow_weapons/surface/decorative/thrust/ms_capSmall_surface.png
ms_enCapMid,turret,,,surface,graphics/shadow_weapons/surface/decorative/thrust/ms_capMed_surface.png
ms_enCapMid,hardpoint,,,surface,graphics/shadow_weapons/surface/decorative/thrust/ms_capMed_surface.png
ms_enCapLarge,turret,,,surface,graphics/shadow_weapons/surface/decorative/thrust/ms_capLarge_surface.png
ms_enCapLarge,hardpoint,,,surface,graphics/shadow_weapons/surface/decorative/thrust/ms_capLarge_surface.png
,,,,,
ms_rhbcb_turr,turret,,,material,graphics/shadow_weapons/material/ms_lance_turret_material.png
ms_rhbcb_turr,turret,,1,normal,graphics/shadow_weapons/normal/ms_lance_turret_n.png
ms_rhbcb_turr,turret,,,surface,graphics/shadow_weapons/surface/ms_lance_turret_surface.png
ms_mbvulgar,turret,,,material,graphics/shadow_weapons/material/ms_mbvulgar_m.png
ms_mbvulgar,turret,,1,normal,graphics/shadow_weapons/normal/ms_mbvulgar_n.png
ms_mbvulgar,turret,,,surface,graphics/shadow_weapons/surface/ms_mbvulgar_s.png
ms_gug_blastr,hardpoint,,,material,graphics/ssp/material/weapons/boss/ms_gugblaster_m.png
ms_gug_blastr,hardpoint,,1,normal,graphics/ssp/normal/weapons/boss/ms_gugblaster_n.png
ms_gug_blastr,hardpoint,,,surface,graphics/ssp/surface/weapons/boss/ms_gugblaster_s.png
,,,,,
ms_blackcap_3x,turret,,,material,graphics/shadow_weapons/material/ms_blackcap_tiny_material.png
ms_blackcap_3x,hardpoint,,,material,graphics/shadow_weapons/material/ms_blackcap_tiny_material.png
ms_blackcap_6x,turret,,,material,graphics/shadow_weapons/material/ms_blackcap_small_material.png
ms_blackcap_6x,hardpoint,,,material,graphics/shadow_weapons/material/ms_blackcap_small_material.png
ms_blackcap_pod,turret,,,material,graphics/shadow_weapons/material/ms_blackcap_2x_turret_material.png
ms_blackcap_pod,hardpoint,,,material,graphics/shadow_weapons/material/ms_blackcap_2x_hardpoint_material.png
ms_cepc,turret,,,material,graphics/shadow_weapons/material/ms_cepc_turret_base_material.png
ms_cepc,turretbarrel,,,material,graphics/shadow_weapons/material/ms_cepc_turret_recoil_material.png
ms_cepc,hardpoint,,,material,graphics/shadow_weapons/material/ms_cepc_hardpoint_base_material.png
ms_cepc,hardpointbarrel,,,material,graphics/shadow_weapons/material/ms_cepc_hardpoint_recoil_material.png
ms_chaingang,turret,,,material,graphics/shadow_weapons/material/ms_superpd_turret_base_material.png
ms_chaingang,turretbarrel,,,material,graphics/shadow_weapons/material/ms_superpd_turret_recoil_material.png
ms_chaingang,hardpoint,,,material,graphics/shadow_weapons/material/ms_superpd_hardpoint_base_material.png
ms_chaingang,hardpointbarrel,,,material,graphics/shadow_weapons/material/ms_superpd_hardpoint_recoil_material.png
ms_hempGun,turret,,,material,graphics/shadow_weapons/material/ms_hemp_turret_base_material.png
ms_hempGun,hardpoint,,,material,graphics/shadow_weapons/material/ms_hemp_hardpoint_base_material.png
ms_lempGun,turret,,,material,graphics/shadow_weapons/material/ms_lemp_turret_base_material.png
ms_lempGun,hardpoint,,,material,graphics/shadow_weapons/material/ms_lemp_hardpoint_base_material.png
ms_mcepc,turret,,,material,graphics/shadow_weapons/material/ms_mcepc_turret_base_material.png
ms_mcepc,turretbarrel,,,material,graphics/shadow_weapons/material/ms_mcepc_turret_recoil_material.png
ms_mcepc,hardpoint,,,material,graphics/shadow_weapons/material/ms_mcepc_hardpoint_base_material.png
ms_mcepc,hardpointbarrel,,,material,graphics/shadow_weapons/material/ms_mcepc_hardpoint_recoil_material.png
ms_miniflak,turret,,,material,graphics/shadow_weapons/material/ms_miniflak_material.png
ms_miniflak,hardpoint,,,material,graphics/shadow_weapons/material/ms_miniflak_material.png
ms_pbc,turret,,,material,graphics/shadow_weapons/material/ms_pbc_material.png
ms_pbc,hardpoint,,,material,graphics/shadow_weapons/material/ms_pbc_material.png
ms_pdcepc,turret,,,material,graphics/shadow_weapons/material/ms_pdcepc_turret_base_material.png
ms_pdcepc,turretbarrel,,,material,graphics/shadow_weapons/material/ms_pdcepc_turret_recoil_material.png
ms_pdcepc,hardpoint,,,material,graphics/shadow_weapons/material/ms_pdcepc_hardpoint_base_material.png
ms_pdcepc,hardpointbarrel,,,material,graphics/shadow_weapons/material/ms_pdcepc_hardpoint_recoil_material.png
ms_scattercepc,turret,,,material,graphics/shadow_weapons/material/ms_scattercepc_turret_base_material.png
ms_scattercepc,turretbarrel,,,material,graphics/shadow_weapons/material/ms_scattercepc_turret_recoil_material.png
ms_scattercepc,hardpoint,,,material,graphics/shadow_weapons/material/ms_scattercepc_hardpoint_base_material.png
ms_scattercepc,hardpointbarrel,,,material,graphics/shadow_weapons/material/ms_scattercepc_hardpoint_recoil_material.png
ms_shrike_pod,turret,,,material,graphics/shadow_weapons/material/ms_shrike_2x_turret_material.png
ms_shrike_pod,hardpoint,,,material,graphics/shadow_weapons/material/ms_shrike_2x_hardpoint_material.png
ms_shrike_rack,turret,,,material,graphics/shadow_weapons/material/ms_shrike_3x_rack_material.png
ms_shrike_rack,hardpoint,,,material,graphics/shadow_weapons/material/ms_shrike_3x_rack_material.png
ms_shrike_single,turret,,,material,graphics/shadow_weapons/material/ms_shrike_single_material.png
ms_shrike_single,hardpoint,,,material,graphics/shadow_weapons/material/ms_shrike_single_material.png
ms_slowbeamM,turret,,,material,graphics/shadow_weapons/material/ms_slowBeam_M_turret_material.png
ms_slowbeamM,hardpoint,,,material,graphics/shadow_weapons/material/ms_slowBeam_M_hardpoint_material.png
ms_splinter_launcher,turret,,,material,graphics/shadow_weapons/material/ms_splinter_launcher_turret_material.png
ms_splinter_launcher,hardpoint,,,material,graphics/shadow_weapons/material/ms_splinter_launcher_hardpoint_material.png
ms_splinter_pod,turret,,,material,graphics/shadow_weapons/material/ms_splinter_pod_turret_material.png
ms_splinter_pod,hardpoint,,,material,graphics/shadow_weapons/material/ms_splinter_pod_hardpoint_material.png
ms_tusk_pod,turret,,,material,graphics/shadow_weapons/material/ms_tusk_medium_turret_material.png
ms_tusk_pod,hardpoint,,,material,graphics/shadow_weapons/material/ms_tusk_medium_hardpoint_material.png
ms_tusk_rack,turret,,,material,graphics/shadow_weapons/material/ms_tusk_double_hardpoint_material.png
ms_tusk_rack,hardpoint,,,material,graphics/shadow_weapons/material/ms_tusk_double_hardpoint_material.png
ms_tusk_single,turret,,,material,graphics/shadow_weapons/material/ms_tusk_single_hardpoint_material.png
ms_tusk_single,hardpoint,,,material,graphics/shadow_weapons/material/ms_tusk_single_hardpoint_material.png
ms_wamgun,turret,,,material,graphics/shadow_weapons/material/ms_wave_turret_base_material.png
ms_wamgun,turretbarrel,,,material,graphics/shadow_weapons/material/ms_wave_turret_recoil_material.png
ms_wamgun,hardpoint,,,material,graphics/shadow_weapons/material/ms_wave_hardpoint_base_material.png
ms_wamgun,hardpointbarrel,,,material,graphics/shadow_weapons/material/ms_wave_hardpoint_recoil_material.png
ms_slowbeamH,turret,,,material,graphics/shadow_weapons/material/ms_slowbeamH_turret_material.png
ms_slowbeamH,hardpoint,,,material,graphics/shadow_weapons/material/ms_slowbeamH_hardpoint_material.png
ms_spreadbeam,turret,,,material,graphics/shadow_weapons/material/ms_spreadbeam_turret_material.png
ms_spreadbeam,hardpoint,,,material,graphics/shadow_weapons/material/ms_spreadbeam_hardpoint_material.png
ms_trishula,turret,,,material,graphics/shadow_weapons/material/ms_trishula_turret_material.png
ms_trishula,hardpoint,,,material,graphics/shadow_weapons/material/ms_trishula_hp_material.png
,,,,,
ms_station1_core,ship,,,material,graphics/shadow_ships/material/stations/ms_station_material.png
ms_station1_core,ship,,1,normal,graphics/shadow_ships/normal/stations/ms_station_n.png
ms_station1_core,ship,,,surface,graphics/shadow_ships/surface/stations/ms_station_surface.png
ms_station2_core,ship,,,material,graphics/shadow_ships/material/stations/ms_station_material.png
ms_station2_core,ship,,1,normal,graphics/shadow_ships/normal/stations/ms_station_n.png
ms_station2_core,ship,,,surface,graphics/shadow_ships/surface/stations/ms_station_surface.png
ms_station3_core,ship,,,material,graphics/shadow_ships/material/stations/ms_station_material.png
ms_station3_core,ship,,1,normal,graphics/shadow_ships/normal/stations/ms_station_n.png
ms_station3_core,ship,,,surface,graphics/shadow_ships/surface/stations/ms_station_surface.png
ms_blocker,ship,,,material,graphics/shadow_ships/material/stations/ms_armourBuffer_material.png
ms_blocker,ship,,1,normal,graphics/shadow_ships/normal/stations/ms_armourBuffer_n.png
ms_blocker,ship,,,surface,graphics/shadow_ships/surface/stations/ms_armourBuffer_surface.png
ms_module_hangar,ship,,,material,graphics/shadow_ships/material/stations/ms_hangar_material.png
ms_module_hangar,ship,,1,normal,graphics/shadow_ships/normal/stations/ms_hangar_n.png
ms_module_hangar,ship,,,surface,graphics/shadow_ships/surface/stations/ms_hangar_surface.png
ms_module_hangar_OSBS,ship,,,material,graphics/shadow_ships/material/stations/ms_hangar_material.png
ms_module_hangar_OSBS,ship,,1,normal,graphics/shadow_ships/normal/stations/ms_hangar_n.png
ms_module_hangar_OSBS,ship,,,surface,graphics/shadow_ships/surface/stations/ms_hangar_surface.png
ms_module_gunplatform_L,ship,,,material,graphics/shadow_ships/material/stations/ms_gunModuleS_L_material.png
ms_module_gunplatform_L,ship,,1,normal,graphics/shadow_ships/normal/stations/ms_gunModuleS_n.png
ms_module_gunplatform_L,ship,,,surface,graphics/shadow_ships/surface/stations/ms_gunModuleS_surface.png
ms_module_gunplatform_R,ship,,,material,graphics/shadow_ships/material/stations/ms_gunModuleS_R_material.png
ms_module_gunplatform_R,ship,,1,normal,graphics/shadow_ships/normal/stations/ms_gunModuleS_n.png
ms_module_gunplatform_R,ship,,,surface,graphics/shadow_ships/surface/stations/ms_gunModuleS_surface.png
ms_module_decoExtension_L,ship,,,material,graphics/shadow_ships/material/stations/ms_deco_Extender_L_material.png
ms_module_decoExtension_L,ship,,1,normal,graphics/shadow_ships/normal/stations/ms_decoL_n.png
ms_module_decoExtension_L,ship,,,surface,graphics/shadow_ships/surface/stations/ms_deco_Extender_L_surface.png
ms_module_decoExtension_R,ship,,,material,graphics/shadow_ships/material/stations/ms_deco_Extender_R_material.png
ms_module_decoExtension_R,ship,,1,normal,graphics/shadow_ships/normal/stations/ms_decoR_n.png
ms_module_decoExtension_R,ship,,,surface,graphics/shadow_ships/surface/stations/ms_deco_Extender_R_surface.png
ms_module_support,ship,,,material,graphics/shadow_ships/material/stations/ms_supportModule_material.png
ms_module_support,ship,,1,normal,graphics/shadow_ships/normal/stations/ms_supportModule_n.png
ms_module_support,ship,,,surface,graphics/shadow_ships/surface/stations/ms_supportModule_surface.png
ms_module_understrut,ship,,,material,graphics/shadow_ships/material/stations/ms_understrut_material.png
ms_module_understrut,ship,,1,normal,graphics/shadow_ships/normal/stations/ms_understrut_n.png
ms_module_understrut,ship,,,surface,graphics/shadow_ships/surface/stations/ms_understrut_surface.png
ms_module_armour,ship,,,material,graphics/shadow_ships/material/stations/ms_armourPlate_material.png
ms_module_armour,ship,,1,normal,graphics/shadow_ships/normal/stations/ms_armourPlate_n.png
ms_module_armour,ship,,,surface,graphics/shadow_ships/surface/stations/ms_armourPlate_surface.png
ms_module_lance,ship,,,material,graphics/shadow_ships/material/stations/ms_lanceModule_material.png
ms_module_lance,ship,,1,normal,graphics/shadow_ships/normal/stations/ms_lanceModule_n.png
ms_module_lance,ship,,,surface,graphics/shadow_ships/surface/stations/ms_lanceModule_surface.png
