name,id,tier,rarity,base value,range,damage/second,damage/shot,emp,impact,turn rate,OPs,ammo,ammo/sec,reload size,type,energy/shot,energy/second,chargeup,chargedown,burst size,burst delay,min spread,max spread,spread/shot,spread decay/sec,beam speed,proj speed,launch speed,flight time,proj hitpoints,autofireAccBonus,hints,tags,groupTag,tech/manufacturer,for weapon tooltip>>,primaryRoleStr,speedStr,trackingStr,turnRateStr,accuracyStr,customPrimary,customPrimaryHL,customAncillary,customAncillaryHL,noDPSInTooltip,number
#large,,,,,,,,,,,,,,,,,,,,,,,,,,,,,,,,,,,,,,,,,,,,,,,
Heavy Laidlaw Accelerator,vic_heavylaidlawaccelerator,3,,6500,1000,,1600,,30,7,26,,,,FRAGMENTATION,800,,0.75,3.25,,,0,0,0,0,,3500,,,,,"STRIKE, USE_VS_FRIGATES","energy20, vic_t1weapons_bp",,Volkov Industries,,Hullbuster,Extreme,,,,%s Projectile hits create explosions dealing additional %s fragmentation damage.,Extremely fast projectiles. Deals soft flux damage. | 400,,,,6.9
Capacitons Discharger,vic_capacitonsDischarger,3,,5000,700,,300,160,0,15,28,16,1,8,KINETIC,480,,0.15,0.15,,,,,,,,5000,,,,,,"energy13, vic_t1weapons_bp",,Volkov Industries,,Anti Shield,,,,,Fires electric arcs that can chain to %s additional small targets dealing %s of the weapons damage and %s of weapons EMP.,3 | 15% | 50%,,,,
Besomar Scattercannon,vic_devastator,2,,4500,800,,100,,40,12,19,28,6,42,HIGH_EXPLOSIVE,75,,0,0.6,,,0,15,0.5,5,,700,,,,,"ANTI_FTR, PD_ALSO","he16, vic_t1weapons_bp",,Volkov Industries,,Anti Armor,,,,,"Each shell has a fuse set to explode at a random distance, resulting in a cluster shot that's increasingly more deadly at closer ranges.",,"The specified sustained DPS value is achieved only when %s are installed. Without them, the sustained damage value is %s. ",Extended Magazines | 400 ,,7.4
Psotnik Interference Autocannon,vic_psotnik,2,,5000,900,,50,25,5,15,25,,,,KINETIC,55,,0,0.25,,,0,12,0.5,10,,850,,,,,,"kinetic20, vic_t2weapons_bp",,Volkov Industries,,Anti Shield Suppression,,,,,"Submunition hits on hull or armor have a %s chance to arc to weapons and engines, dealing %s EMP damage.",20% | 50,,,,7.8
Tugarin Stellar Catapult,vic_tugarin,3,,6000,950,,1200,,200,6,24,,,,HIGH_EXPLOSIVE,1860,,0.5,3.5,1,,0,5,2.5,10,,350,,,400,,"STRIKE, USE_VS_FRIGATES","he21, vic_t1weapons_bp",,Volkov Industries,,Anti Armor,,,,,"Projectile slows down overtime. Explodes on hit or when reaching 0 velocity, dealing up to %s damage.",360 High Explosive,,,,8
Vodyanoy Plasma Minigun,vic_vodyanoy,2,0.5,8000,700,,20,,20,12,22,,,,ENERGY,16,,0.4,0.6,999999999,0.05,0,5,0.05,4,,1200,,,25,,"ANTI_FTR, FIRE_WHEN_INEFFICIENT","energy15, vic_t2weapons_bp",,Volkov Industries,,Suppression,,,,,Every second of firing increases the %s of the weapon by %s. At %s and higher projectiles have a chance to be overcharged and deal additional %s of their damage directly to armor. Direct damage to armor counts as %s stronger for armor reduction calculation. The chance to overcharge a projectile is equal to the %s. %s decreases over time when not firing.,heat | 20% | 20% of heat | 33.3% | 2000% | level of heat | The heat level,,,,8.1
,vic_vodyanoy_sub,,,8000,700,,15,,20,12,22,,,,ENERGY,16,,0.4,0.6,999999999,0.05,0,10,0.1,3,,1200,,,25,,SYSTEM,,,Volkov Industries,,"Suppression, Point Defense",,,,,,,,,,8.1
Rubezahl Thermal Lance,vic_thermalLance,3,,6500,900,1500,,,0,10,20,2,0.11111111111111111111111111111111,1,HIGH_EXPLOSIVE,,1204.819277,2,0.1025,0.8,1.5975,,,,,10000,,,,,,,"he20, beam15, vic_t1weapons_bp",,Volkov Industries,,Anti Armor,,,,,,,,,,15.6
,vic_thermalLance_trail,,,6500,1000,,0,,30,7,35,,,,ENERGY,650,,0.75,1.25,,,0,0,0,0,,10000,,,,,SYSTEM,,,Volkov Industries,,General,,,,,Extremely fast projectiles. Deals soft flux. Projectile hits on shields and hull create explosions dealing additional %s fragmentation damage.,150,,,,6.9
Zlydzen Wave Destabilizer,vic_zlydzen,3,,4500,1000,50,,1000,0,6,20,,,,ENERGY,,500,2,1,,,,,,,1000,,,,,,FIRE_WHEN_INEFFICIENT,"energy18, beam13, vic_t1weapons_bp",,Volkov Industries,,Support,,,,,"Applies debuffs that ramp up in power in %s seconds, and fall off within %s seconds if the target is not hit by the beam.

The debuffs when hitting shields:
-%s to Shield Efficiency
+%s to Shield Upkeep

The debuffs when hitting hull:
+%s to Phase Cloak Upkeep
-%s to Armour Efficiency
-%s to Weapon Turn Rate",6 | 4 | 25% | 25% | 100% | 25% | 25%,"Hits on hull or armor frequently arc to weapons and engines, dealing extra EMP and energy damage. Hits on shields have a chance to generate a shield-penetrating arc based on the target's hard flux level.",,,
Apocrypha Suicide Drone Swarm,vic_apocrypha,3,,6500,1500,,6000,,0,15,28,2,0.04,1,HIGH_EXPLOSIVE,4000,,,12.5,,,0,5,0,10,,375,100,5,500,,"FIRE_WHEN_INEFFICIENT,STRIKE, GUIDED_POOR","rocket15, strike20, vic_t1weapons_bp",,Volkov Industries,,Strike,Slow,Poor,,,Launches %s missiles around the main warhead each dealing %s damage.,16 | 150 fragmentation,%s: Generates flux to reload rather than fire.,Autoreplicator ,,
,vic_apocrypha_sub,3,,6500,1500,,150,,0,15,,,,,FRAGMENTATION,,,,5,,,0,5,0,10,,400,0,5,100,,"SYSTEM, GUIDED_POOR",,,Volkov Industries,,Support,Slow,Poor,,,,,,,,
Falak Flux Collapse Torpedo,vic_falak,3,,6500,2000,,4000,,0,15,25,2,0.15,,ENERGY,2000,,,5,,,0,5,0,10,,400,200,6,750,,"FIRE_WHEN_INEFFICIENT,STRIKE","rocket20, strike15, vic_t1weapons_bp",,Volkov Industries,,Torpedo,,,,,"Instead of direct damage releases %s EMP arcs on hit which deal from %s to %s energy damage and from %s to %s EMP damage depending on the target's flux level. If the target is overloaded, the maximum of both damage types is dealt. Shields intercept the energy damage, but can be pierced by the EMP.",10 | 100 | 400 | 600 | 0 | 100%,%s: Generates flux to reload rather than fire.,Autoreplicator ,,
Afreet Mk.2 Burst Swarmer,vic_afreet_large,2,,6000,1500,,200,,20,14,23,60,3,20,ENERGY,66.6,,0,5,,,5,5,0,10,,500,350,5,100,,DO_NOT_CONSERVE,"missile10, vic_t2weapons_bp",,Volkov Industries,,General ,Good,Good,,,,,%s: Generates flux to reload rather than fire.,Autoreplicator,,5
Afreet Mk.2 Burst Swarmer-ST,vic_afreet_large_stream,2,,6000,1500,,200,,20,14,23,60,3,20,ENERGY,66.6,,0,4.81,20,0.01,5,5,0,10,,500,350,5,100,,DO_NOT_CONSERVE,"missile10, vic_t2weapons_bp",,Volkov Industries,,General ,Good,Good,,,,,%s: Generates flux to reload rather than fire.,Autoreplicator,,5
,,,,,,,,,,,,,,,,,,,,,,,,,,,,,,,,,,,,,,,,,,,,,,,
,,,,,,,,,,,,,,,,,,,,,,,,,,,,,,,,,,,,,,,,,,,,,,,
#Gatling Beam,vic_gatlingbeam,3,0.5,8000,1000,900,,0,0,7,25,,,,ENERGY,,600,0,0.2,0.2,0,,,,,100000,,,,,,FIRE_WHEN_INEFFICIENT,"energy20, beam15, LR",,Volkov Industries,,Suppression,,,,,"Hits on hull or armor arc to weapons and engines, dealing extra EMP and energy damage. Hits on shields have a chance to generate a shield-penetrating arc based on the target's hard flux level.",,,,,27
,,,,,,,,,,,,,,,,,,,,,,,,,,,,,,,,,,,,,,,,,,,,,,,
#med,,,,,,,,,,,,,,,,,,,,,,,,,,,,,,,,,,,,,,,,,,,,,,,
Nawia Quantum Cannon,vic_nawia,1,,900,700,,1000,,10,14,12,4,0.16666666666666666666666666666667,1,KINETIC,700,,0,2,,,0,4,2,6,,800,,,,,"STRIKE, USE_VS_FRIGATES","kinetic14, vic_t2weapons_bp",,Volkov Industries,,Anti Shield,,,,,"Shoots a projectile which deals %s damage and generates %s flux for the firing ship.
On successful hit %s projectiles appear close to the target, with a %s second delay between each. Each projectile deals %s kinetic damage and generates %s flux for the firing ship when it appears.
%s affects delay between projectiles.",250 | 350 | 15 | 0.13 | 50 | 23 | Rate of fire,,,,5
,vic_nawia_real,,,900,800,,250,,10,14,12,,,,KINETIC,400,,0,1.6,,,0,5,2,10,,800,,,,,SYSTEM,kinetic14,,Volkov Industries,,Anti Shield,,,,,"Shoots projectile which deals %s damage and generates %s flux.
On successful hit %s projectiles appear close to target, with %s second delay betwin projectiles. Each projectile deals %s kinetic damage and generates %s flux when it apears.",250 | 400 | 50 | 0.04 | 15 | 8,,,,5
,vic_nawia_sub,,,69,550,,50,,10,14,10,,,,KINETIC,26.5,,0,1,,,0,0,0,,,1000,,,,,SYSTEM,,,,,,,,,,,,,,,
Verlioka Field Disruptor,vic_verlioka,1,0.75,900,400,100,,,500,35,12,,,,FRAGMENTATION,,250,0.1,,,,0,,,,10000,,,,,,"PD, PD_ONLY, ANTI_FTR, FIRE_WHEN_INEFFICIENT","pd14, vic_t2weapons_bp",,Volkov Industries,,Point Defense (Area),,,,,"Emits %s field, which slows down and damages fighters and missiles.",30 degrees,,,,
Laidlaw Accelerator,vic_lightlaidlawaccelerator,2,,1200,800,,1600,,10,10,15,,,,FRAGMENTATION,960,,0.5,3.5,,,0,10,1.25,10,,3500,,,,,"STRIKE, USE_VS_FRIGATES","energy16, vic_t1weapons_bp",,Volkov Industries,,Hullbuster,Extreme,,,,%s Projectile hits create explosions dealing additional %s fragmentation damage.,Extremely fast projectiles. Deals soft flux damage. | 400,,,,7.5
Gagana AMR-Cannon,vic_gagana,2,,1200,900,,350,,10,30,13,,,,HIGH_EXPLOSIVE,500,,0.25,2.75,,,0,0,0,0,,1000,,,,,,"he16, vic_t1weapons_bp",,Volkov Industries,,Anti Armor,,,,,Damage dealt is increased by %s of the target's armor with maximum being additional %s damage. The maximum amount of additional damage scales with weapon damage modifiers.,10% | 150,,,,5
Psotnik Interference Machinegun,vic_psotnikmed,2,,1000,900,,25,12,5,15,12,,,,KINETIC,27.5,,0,0.938,10,0.05,0,8,0.3,8,,850,,,,,,"kinetic16, vic_t2weapons_bp",,Volkov Industries,,Anti Shield Suppression,,,,,"Submunition hits on hull or armor have a %s chance to arc to weapons and engines, dealing %s EMP damage.",20% | 50,,,,7.8
Vila Bolt Converger,vic_vila,2,,2000,600,,150,,5,15,12,28,1.7,7,ENERGY,150,,0.75,1,,,8,15,0.5,5,,650,,,,,,"energy16, vic_t2weapons_bp",,Volkov Industries,,Strike,,,,Unnatural,On fire the projectiles converge on the cursor's position along the weapon's facing. Has a minimum range of convergence. Deals no damage to allies.,,,,,7.8
Balachko Cryoheat Generator,vic_balachko,2,,1500,600,,250,,5,15,12,,,,ENERGY,312.5,,0,1.4,3,0.3,0,0,0,0,,700,,,,,,"energy16, vic_t1weapons_bp",,Volkov Industries,,Guardbreaker,,,,,Alternates between %s and %s damage on every shot. Does %s less damage to hull.,Kinetic | High Explosive | 35%,,,,7.8
,vic_balachkoIce,,,2000,600,,200,,5,15,12,,,,KINETIC,75,,0,0.5,,,0,15,0.5,5,,700,,,,,SYSTEM,,,Volkov Industries,,,,,,,,,,,,7.8
,vic_balachkoFire,,,2000,600,,200,,5,15,12,,,,HIGH_EXPLOSIVE,75,,0,0.5,,,0,15,0.5,5,,700,,,,,SYSTEM,,,Volkov Industries,,,,,,,,,,,,7.8
Qutrub Smartdart Launcher,vic_qutrub,2,,1500,1200,,300,,10,14,12,10,0.25,5,HIGH_EXPLOSIVE,150,,0,0.75,,,0,5,2,10,,500,350,3,75,,,"he16, vic_t1weapons_bp",,Volkov Industries,,Anti Armor,Fast,Average,,,,0.5 | 50 High Explosive,,,,5
,vic_qutrub_sub,,,2000,800,,50,,10,14,13,,,,HIGH_EXPLOSIVE,50,,0,0.25,,,0,5,2,10,,100,100,1,500,,SYSTEM,,,Volkov Industries,,Anti Shield,,,,,,,,,,5
Saih Flechette Carrier,vic_saih_med,2,,1800,1100,,500,,10,14,12,4,0.3,2,KINETIC,250,,0,2,2,0.5,5,5,0,10,,250,100,4.75,200,,"DO_NOT_AIM, DO_NOT_CONSERVE","missile12, strike4, vic_t1weapons_bp",,Volkov Industries,,Anti Shield,,,,,,,%s: Generates flux to reload rather than fire.,Autoreplicator,,5
Hatif Distraction Missile,vic_hatif_med,1,,800,2500,,10,,10,14,6,8,0.25,4,ENERGY,,,0,2.5,2,1.5,5,5,0,10,,500,200,7,500,,"DO_NOT_AIM, DO_NOT_CONSERVE","missile4, vic_t2weapons_bp",,Volkov Industries,,Suppression,,,,,Deploys decoy flares which distract enemy PD.,,,,,5
,vic_distractionFlare,,,,200,,10,0,,,,,0,,ENERGY,0,0,0,0.1,1,,30,30,0,0,,250,150,6,750,,,,SYSTEM,,,,,,,,,,,,,
Afreet Burst Swarmer,vic_afreet_med,1,,1200,1200,,75,,10,14,8,60,5,20,HIGH_EXPLOSIVE,20,,0,2,,,5,5,0,10,,500,350,3.25,35,,DO_NOT_CONSERVE,"missile10, vic_t2weapons_bp",,Volkov Industries,,Hullbuster,Good,None,,,,,%s: Generates flux to reload rather than fire.,Autoreplicator,,5
Afreet Burst Swarmer-ST,vic_afreet_med_stream,1,,1200,1200,,75,,10,14,8,60,5,20,HIGH_EXPLOSIVE,20,,0,1.81,20,0.01,5,5,0,10,,500,350,3.25,35,,DO_NOT_CONSERVE,"missile10, vic_t2weapons_bp",,Volkov Industries,,Hullbuster,Good,None,,,,,%s: Generates flux to reload rather than fire.,Autoreplicator,,5
Hungruf Armor Scorcher,vic_hungruf_med,2,,1800,1300,,1200,,15,14,13,6,0.1,2,HIGH_EXPLOSIVE,900,,0,9.75,2,0.25,5,5,0,10,,350,150,4.25,200,,"DO_NOT_AIM, DO_NOT_CONSERVE","missile12, strike4, vic_t1weapons_bp",,Volkov Industries,,Anti Armor,Average,Average,,,,,%s: Generates flux to reload rather than fire.,Autoreplicator,,
,vic_hungruf_sub,2,,1200,2000,,1200,,15,14,12,6,0.125,2,HIGH_EXPLOSIVE,900,,0,4.75,2,0.25,5,5,0,10,,300,300,5,200,,SYSTEM,,,,,Anti Armor,,,,,,,%s: Generates flux to reload rather than fire.,Autoreplicator,,
,vic_hungruf_sub_engine,2,,1200,2000,,0,,15,14,12,6,0.125,2,HIGH_EXPLOSIVE,900,,0,4.75,2,0.25,5,5,0,10,,350,150,0,50,,SYSTEM,,,,,Anti Armor,,,,,,,%s: Generates flux to reload rather than fire.,Autoreplicator,,
,,,,,,,,,,,,,,,,,,,,,,,,,,,,,,,,,,,,,,,,,,,,,,,
#smal,,,,,,,,,,,,,,,,,,,,,,,,,,,,,,,,,,,,,,,,,,,,,,,
Strigoy Flak Cannon,vic_strigoy,0,,500,350,,30,,0,75,6,,,,FRAGMENTATION,10,,0,1,,,0,10,0.5,5,,800,,,,,"ANTI_FTR, PD, PD_ALSO","pd5, vic_t2weapons_bp",,Volkov Industries,,Point Defense (Area),,,,,,,,,,18
Rarog Atomic Emitter,vic_rarog,0,,400,500,200,,,0,100,5,30,5,15,HIGH_EXPLOSIVE,,200,0,0.1,0.1,0,,,,,10000,,,,,,ANTI_FTR,"beam6, he6, vic_t2weapons_bp",,Volkov Industries,,Anti Armor,,,,,,,,,,15.6
Laidlaw Mass Driver,vic_laidlawMassDriver,0,,600,700,,800,,2,30,7,,,,FRAGMENTATION,480,,0.5,3.5,,,0,10,1.25,10,,2500,,,25,,"STRIKE, USE_VS_FRIGATES","energy8, vic_t2weapons_bp",,Volkov Industries,,Hullbuster,Extreme,,,,%s Projectile hits create explosions dealing additional %s fragmentation damage.,Extremely fast projectiles. Deals soft flux damage. | 200,,,,7.5
Upyr Autocannon,vic_upyr,0,,600,600,,20,,1,30,7,,,,KINETIC,16,,0,0.1,2,0.1,0,18,1,9,,850,,,20,,,"kinetic7, vic_t2weapons_bp",,Volkov Industries,,Anti Shield,,,,,,,,,,2.5
Saih Rack Flechette Carrier,vic_saih_small,2,,800,1100,,500,,10,14,5,4,0.15,2,KINETIC,250,,0,2.5,,,5,5,0,10,,250,100,4.75,200,,"DO_NOT_AIM, DO_NOT_CONSERVE","missile6, strike1, vic_t2weapons_bp",,Volkov Industries,,Anti Shield,,,,,,,%s: Generates flux to reload rather than fire.,Autoreplicator,,5
Hatif Rack Distraction Missile,vic_hatif_small,1,,350,2500,,10,,10,14,2,4,0.125,2,ENERGY,,,0,3,,,5,5,0,10,,500,200,7,500,,"DO_NOT_AIM, DO_NOT_CONSERVE","missile2, vic_t2weapons_bp",,Volkov Industries,,Suppression,,,,,Deploys decoy flares which distract enemy PD.,,,,,5
Afreet Rack Burst Swarmer,vic_afreet_small,1,,500,1200,,75,,10,14,4,30,2.5,10,HIGH_EXPLOSIVE,20,,0,2,,,5,5,0,10,,500,350,3.25,35,,DO_NOT_CONSERVE,"missile5, vic_t2weapons_bp",,Volkov Industries,,Hullbuster,Good,None,,,,,%s: Generates flux to reload rather than fire.,Autoreplicator,,5
Afreet Rack Burst Swarmer-ST,vic_afreet_small_stream,1,,500,1200,,75,,10,14,4,30,2.5,10,HIGH_EXPLOSIVE,20,,0,1.91,10,0.01,5,5,0,10,,500,350,3.25,35,,DO_NOT_CONSERVE,"missile5, vic_t2weapons_bp",,Volkov Industries,,Hullbuster,Good,None,,,,,%s: Generates flux to reload rather than fire.,Autoreplicator,,5
,,,,,,,,,,,,,,,,,,,,,,,,,,,,,,,,,,,,,,,,,,,,,,,
Hungruf Rack Armor Scorcher,vic_hungruf_small,2,,800,1300,,1200,,15,14,6,3,0.04,1,HIGH_EXPLOSIVE,900,,0,10,,,5,5,0,10,,350,150,4.25,200,,"DO_NOT_AIM, DO_NOT_CONSERVE","missile6, strike1, vic_t2weapons_bp",,Volkov Industries,,Anti Armor,Average,Average,,,,,%s: Generates flux to reload rather than fire.,Autoreplicator,,
,,,,,,,,,,,,,,,,,,,,,,,,,,,,,,,,,,,,,,,,,,,,,,,
,,,,,,,,,,,,,,,,,,,,,,,,,,,,,,,,,,,,,,,,,,,,,,,
#Build-ins,,,,,,,,,,,,,,,,,,,,,,,,,,,,,,,,,,,Volkov Industries,,,,,,,,,,,,
Phase Lance (Shortranged),vic_phaselance,13,,1,250,1000,,,0,20,10,,,,ENERGY,,1200,0.25,0.5,1,4,,,,,3200,,,,,,SYSTEM,"energy14, beam10",,Volkov Industries,,General,,,,,,,,,,20
Scatter Blaster,vic_scatterblaster,13,,1,500,,125,,3,100,42,12,,,ENERGY,50,,0,0.25,3,0.25,2,16,0.3,6,,800,,,,,"DO_NOT_CONSERVE, STRIKE, SYSTEM",energy13,,Volkov Industries,,General,,,,,,,,,,4
Abyssus Array,vic_abyssalfangs,13,,100000,2000,,250,75,5,,45,24,1,24,KINETIC,0,,0,8.85,24,0.05,0,0,0,0,,450,1000,5,150,,"DO_NOT_CONSERVE, ANTI_FTR, DO_NOT_AIM, SYSTEM, SHOW_IN_CODEX","missile12, strike8",,Volkov Industries,,Anti Shield,Fast,Excellent,,,,25% | 400,,,,12.1
Frag Proxy Mine for System (dont use),vic_fragMine,0,,100,500,,200,,10,0,1,,,,FRAGMENTATION,0,,0,0.1,3,0.15,0,0,0,0,,0,300,15,150,,"DO_NOT_AIM, ANTI_FTR, PD_ONLY, SYSTEM",he0,,Volkov Industries,,Anti Fighter,,,,,,,,,,
Proxy Mine Launcher,vic_UvalFlagCanister,0,,100,500,,300,,10,0,5,6,0.666666666666666666666,2,FRAGMENTATION,150,,0,0.85,2,0.15,30,60,15,30,,0,300,5,50,,"PD, DO_NOT_AIM, PD_ALSO, SYSTEM",he0,,Volkov Industries,,Anti Fighter,,,,,,,,,,
Astronomicon,vic_stolasBuildIn,0,,50000,1000,,750,,10,0,50,3,0,1,ENERGY,750,,1,3,,,,0,0,0,,1250,,,,,"SYSTEM, CONSERVE_3, STRIKE, DANGEROUS, SHOW_IN_CODEX",,,Volkov Industries,,Strike,,,,,"Gain charges for every %s damage dealt, can't get charges while firing or cooling down.
Consumes all charges when fired, effect depends on amount of charges consumed:
%s charge: Fires %s projectiles each dealing %s energy and %s EMP damage, which arc on hull and armor hits, additionally dealing %s EMP damage.
%s charges: damage increased to %s, on hull impact releases %s arcs dealing %s of projectile damage. On shield impact the arcs penetrate the shield, dealing %s of damage instead.
%s charges: damage increased to %s, on impact explodes dealing additional %s fragmentation damage in big radius.",7500 | 1 | 15 | 50 | 150 | 150 | 2 | 1000 | 10 | 10% | 25% | 3 | 1500 | 1500,,,TRUE,
Astronomicon 1,vic_stolasBuildIn1,0,,50000,1000,,50,150,10,0,50,3,0,1,ENERGY,750,,1,3,,,,0,0,0,,1250,,,,,SYSTEM,,,Volkov Industries,,Strike,,,,,,,,,TRUE,
Astronomicon 2,vic_stolasBuildIn2,0,,50000,1000,,1000,,10,0,50,3,0,0,ENERGY,1250,,1,3,,,,0,0,0,,1250,,,,,SYSTEM,,,Volkov Industries,,Strike,,,,,,,,,,
Astronomicon 3,vic_stolasBuildIn3,0,,50000,1000,,1500,,10,0,50,3,0,0,ENERGY,1500,,1,3,,,,0,0,0,,1250,,,,,SYSTEM,,,Volkov Industries,,Strike,,,,,,,,,,
Flare Launcher,vic_flareLauncher,,,,400,,10,100,,,,,0,,ENERGY,0,0,0,0.1,,,60,60,0,0,,150,300,3,25,,SYSTEM,,,,,,,,,,,,,,,
Pulse PD,vic_pulsePD,1,,200,400,150,,,0,400,4,,,,ENERGY,,40,0,0,0.5,0.5,,,,,100000,,,,,,"SYSTEM, PD",,,,,Point Defense,,,,,,,,,,
Azhdaya Smart Autocannon,vic_azhdaya,13,,8000,800,,12,,20,12,30,,,,KINETIC,10.8,,0.4,0.8,999999999,0.05,0,20,0.25,6,,1200,,,25,,"ANTI_FTR, FIRE_WHEN_INEFFICIENT, SYSTEM","energy15, vic_t2weapons_bp",,Volkov Industries,,Suppression,,,,,On hit explodes dealing %s damage. Explosion has %s chance to instead deal %s damage. Projectiles home onto enemies while the system is active.,4 Fragmentation | 5% | 100 high explosive,,,,8.1
Nemesis Heavy Flamer,vic_gatebreaker_r_flamer,3,,6500,750,,150,,3,60,0,,,,FRAGMENTATION,60,,1,1,999999999,0.05,0,0,0,0,,500,,,,,"SYSTEM, SHOW_IN_CODEX","no_drop, no_salvage",,Volkov Industries,,Assault,,,,,,,,,,
,,,,,,,,,,,,,,,,,,,,,,,,,,,,,,,,,,,,,,,,,,,,,,,
#Devotee Build-ins,,,,,,,,,,,,,,,,,,,,,,,,,,,,,,,,,,,,,,,,,,,,,,,
Nemesis Heavy Flamer,vic_gatebreaker_l_flamer,3,,6500,750,,150,,3,60,0,,,,FRAGMENTATION,60,,1,1,999999999,0.05,0,0,0,0,,500,,,,,"SYSTEM, SHOW_IN_CODEX","no_drop, no_salvage",,Volkov Industries,,Assault,,,,,,,,,,
Gatebreaker Shrapnel Cannon,vic_gatebreaker_r_shotgun,0,,3000,750,,150,,250,5,0,,,,HIGH_EXPLOSIVE,100,,0,5,,,30,30,0,0,,1000,,,400,,"SYSTEM, SHOW_IN_CODEX","no_drop, no_salvage",,Volkov Industries,,Anti Armor,,,,,"Every projectile has a %s chance to be replaced with a smaller or a bigger one on shot, dealing %s and %s accordingly.",33% | 75 | 250 HE damage,,,,
Gatebreaker Shrapnel Cannon,vic_gatebreaker_l_shotgun,0,,3000,750,,150,,250,5,0,,,,HIGH_EXPLOSIVE,100,,0,5,,,30,30,0,0,,1000,,,400,,"SYSTEM, SHOW_IN_CODEX","no_drop, no_salvage",,Volkov Industries,,Anti Armor,,,,,"Every projectile has a %s chance to be replaced with a smaller or a bigger one on shot, dealing %s and %s accordingly.",33% | 75 | 250 HE damage,,,,
Gatebreaker Shrapnel Big,vic_gatebreaker_shotgun_big,,,3000,750,,250,,400,5,0,,,,HIGH_EXPLOSIVE,100,,0,5,,,30,30,0,0,,1000,,,750,,SYSTEM,"no_drop, no_salvage",,Volkov Industries,,Anti Armor,,,,,,,,,,
Gatebreaker Shrapnel Small,vic_gatebreaker_shotgun_small,,,3000,750,,75,,100,5,0,,,,HIGH_EXPLOSIVE,100,,0,5,,,30,30,0,0,,1000,,,200,,SYSTEM,"no_drop, no_salvage",,Volkov Industries,,Anti Armor,,,,,,,,,,
Gatebreaker Shotgun Shrapnel,vic_gatebreaker_shotgun_shrapnel,,,3000,200,,100,,200,5,0,,,,HIGH_EXPLOSIVE,100,,0,5,,,45,45,0,0,,500,,,400,,SYSTEM,"no_drop, no_salvage",,Volkov Industries,,Anti Armor,,,,,,,,,,
Rebellion Autocannon,vic_gatebreaker_r_autocannon,0,,3000,1000,,150,35,200,5,0,,,,KINETIC,150,,0,0.4,2,0.2,0,10,5,10,,1000,,,400,,"SYSTEM, SHOW_IN_CODEX","no_drop, no_salvage",,Volkov Industries,,Anti Armor,,,,,,,,,,
Rebellion Autocannon,vic_gatebreaker_l_autocannon,0,,3000,1000,,150,35,200,5,0,,,,KINETIC,150,,0,0.4,2,0.2,0,10,5,10,,1000,,,400,,"SYSTEM, SHOW_IN_CODEX","no_drop, no_salvage",,Volkov Industries,,Anti Armor,,,,,,,,,,
,,,,,,,,,,,,,,,,,,,,,,,,,,,,,,,,,,,,,,,,,,,,,,,
,,,,,,,,,,,,,,,,,,,,,,,,,,,,,,,,,,,,,,,,,,,,,,,
#Raum Build-ins,,,,,,,,,,,,,,,,,,,,,,,,,,,,,,,,,,,,,,,,,,,,,,,
Strzyga Flak Array,vic_raum_weapon_strzyga,0,,50000,850,,150,,10,15,,,,,FRAGMENTATION,30,,0,0.05,5,0.05,2,10,0.1,1,,700,,,,0.75,"SYSTEM, SHOW_IN_CODEX, PD, ANTI_FTR","no_drop, no_salvage",,Volkov Industries,,Point Defense (Area),,,,,Projectiles detonate on proximity with targets or on reaching maximum distance.,,,,,
Alkonost Plasmoid Oscillatron,vic_raum_weapon_alkonost,0,,50000,1000,,4500,2250,200,5,,,,,ENERGY,6750,,2.5,9.5,,,0,0,0,0,,300,,,500,1,"SYSTEM, SHOW_IN_CODEX, STRIKE, USE_VS_FRIGATES,","no_drop, no_salvage",,Volkov Industries,,Area Cleansing,,,,,"Projectile strikes nearby targets with EMP arcs and explodes on hit or on reaching maximum distance. Arcs deal %s energy damage and %s emp damage, explosion deals %s energy damage.",68 | 340 | 3150,,,,
Laidlaw Hyperaccelerator,vic_raum_weapon_xl_laidlaw,2,,100000,1200,,10000,,500,3,,,,,FRAGMENTATION,5000,,1.5,8.5,,,0,0,0,0,,2000,,,,,"STRIKE, USE_VS_FRIGATES, SYSTEM, SHOW_IN_CODEX","no_drop, no_salvage",,Volkov Industries,,Hullbuster,Extreme,,,,%s Projectiles can penetrate targets with low or weakened armor. On shield hits or hits against high-armored targets creates an explosion dealing additional %s fragmentation damage to nearby targets. Secondary shrapnel on shot can also damage targets. ,Extremely fast projectiles. Deals soft flux damage. | 1000,,,,
Laidlaw Hyperaccelerator Shrapnel,vic_raum_weapon_xl_laidlaw_shrapnel,,,3000,250,,350,,50,0,,,,,ENERGY,0,,0,5,,,45,45,0,0,,3000,,,,,SYSTEM,"no_drop, no_salvage",,Volkov Industries,,Hullbuster,,,,,,,,,,
Gagana Ultra AMR-Cannon,vic_raum_weapon_gagana_ultra,0,,50000,1100,,700,,100,5,,,,,HIGH_EXPLOSIVE,945,,0,2.5,2,0.5,0,0,0,0,,1300,,,,,"SYSTEM, SHOW_IN_CODEX, STRIKE, USE_VS_FRIGATES,","no_drop, no_salvage",,Volkov Industries,,Anti Armor,,,,,Damage dealt is increased by %s of the target's armor with maximum being additional %s damage. The maximum amount of additional damage scales with weapon damage modifiers.,20% | 300,,,,
Gagana Ultra Shrapnel,vic_raum_weapon_gagana_ultra_shrapnel,,,3000,75,,100,,200,5,,,,,HIGH_EXPLOSIVE,100,,0,5,,,45,45,0,0,,500,,,400,,SYSTEM,"no_drop, no_salvage",,Volkov Industries,,Anti Armor,,,,,,,,,,
Rokh Minefield Launcher,vic_raum_weapon_rokh,,,100000,2500,,1000,,50,5,,1,0.05,1,FRAGMENTATION,5760,,,5,,,,,,,,300,50,10,2000,,"SYSTEM, SHOW_IN_CODEX","no_drop, no_salvage",,Volkov Industries,,Area Denial,,,,,"Creates a wide field of %s mines each dealing %s fragmentation damage. Explodes in the process, dealing %s HE damage.",144 | 400 | 1000,"%s: Generates flux to reload rather than fire. 
Max ammo limited to %s. Ammo relaod speed increased by %s for every %s max ammo it would otherwise had.
Can drop in salvage due to a vanilla game bug, but is not salvageable (deletes itself in player's cargo). ",Autoreplicator|1|20%|1,,
Rokh Swarm Launcher,vic_raum_weapon_rakh,,,100000,2500,,1000,,50,5,,1,0.05,1,KINETIC,5760,,,5,,,,,,,,300,50,10,2000,,"SYSTEM, SHOW_IN_CODEX","no_drop, no_salvage",,Volkov Industries,,Anti Shield,,,,,"Dispenses a total of %s missiles each dealing %s kinetic damage. Explodes in the process, dealing %s kinetic damage.",144 | 50| 1000,"%s: Generates flux to reload rather than fire.
Max ammo limited to %s. Ammo relaod speed increased by %s for every %s max ammo it would otherwise had.
Can drop in salvage due to a vanilla game bug, but is not salvageable (deletes itself in player's cargo). ",Autoreplicator|1|20%|1,,
Rokh sub (dont use),vic_raum_rokh_sub,0,,100,500,,400,,10,0,,,,,FRAGMENTATION,0,,0,0.1,3,0.15,0,0,0,0,,0,0,15,100,,"DO_NOT_AIM, ANTI_FTR, PD_ONLY, SYSTEM",he0,,Volkov Industries,,Anti Fighter,,,,,,,,,,
Rokh alt sub (dont use),vic_raum_rokh_alt_sub,0,,100,3000,,50,,20,0,,,,,KINETIC,0,,0,0.1,3,0.15,0,0,0,0,,750,1000,10,100,,"DO_NOT_AIM, ANTI_FTR, PD_ONLY, SYSTEM",he0,,Volkov Industries,,Anti Fighter,,,,,,,,,,
Vodyanoy Ultra PRC,vic_raum_weapon_vodyanoy_ultra,2,0.5,8000,750,,25,,30,5,,,,,ENERGY,20,,0.4,0.6,999999999,0.05,0,5,0.05,4,,1200,,,50,,"SYSTEM, SHOW_IN_CODEX, ANTI_FTR, FIRE_WHEN_INEFFICIENT","no_drop, no_salvage",,Volkov Industries,,Suppression,,,,,Every second of firing increases the %s of the weapon by %s. At %s and higher projectiles have a chance to be overcharged and deal additional %s of their damage directly to armor. Direct damage to armor counts as %s stronger for armor reduction calculation. The chance to overcharge a projectile is equal to the %s. %s decreases over time when not firing.,heat | 20% | 20% of heat | 33.3% | 2000% | level of heat | The heat level,,,,
,vic_raum_weapon_vodyanoy_ultra_sub,,,8000,750,,25,,30,5,,,,,ENERGY,20,,0.4,0.6,999999999,0.05,0,5,0.05,4,,1200,,,50,,SYSTEM,,,Volkov Industries,,"Suppression, Point Defense",,,,,,,,,,
,,,,,,,,,,,,,,,,,,,,,,,,,,,,,,,,,,,,,,,,,,,,,,,
,,,,,,,,,,,,,,,,,,,,,,,,,,,,,,,,,,,,,,,,,,,,,,,
,,,,,,,,,,,,,,,,,,,,,,,,,,,,,,,,,,,,,,,,,,,,,,,
#Raumpant Build-ins,,,,,,,,,,,,,,,,,,,,,,,,,,,,,,,,,,,,,,,,,,,,,,,
Notorious Big Iron (Buckshot),vic_notorious_big_iron_buckshot,0,,3000,750,,100,,250,5,0,,,,KINETIC,120,,0,2,,,15,15,0,0,,1000,,,400,,"SYSTEM, SHOW_IN_CODEX","no_drop, no_salvage",,Pirate,,Anti Shield,,,,,"Every projectile has a %s chance to be replaced with a smaller or a bigger one on shot, dealing %s and %s kinetic damage accordingly.",33% | 50 | 200,,,,
Notorious Big Iron Buckshot Small,vic_notorious_big_iron_buckshot_small,,,3000,750,,50,,100,5,0,,,,KINETIC,120,,0,5,,,15,15,0,0,,1000,,,750,,SYSTEM,"no_drop, no_salvage",,Pirate,,Anti Shield,,,,,,,,,,
Notorious Big Iron Buckshot Big,vic_notorious_big_iron_buckshot_big,,,3000,750,,200,,400,5,0,,,,KINETIC,120,,0,5,,,15,15,0,0,,1000,,,200,,SYSTEM,"no_drop, no_salvage",,Pirate,,Anti Shield,,,,,,,,,,
Notorious Big Iron (Slug),vic_notorious_big_iron_slug,0,,3000,1200,,625,,500,5,0,,,,HIGH_EXPLOSIVE,625,,0,1,,,0,10,2.5,5,,600,,,400,,"SYSTEM, SHOW_IN_CODEX, STRIKE, USE_VS_FRIGATES","no_drop, no_salvage",,Pirate,,Anti Armor,,,,,,,,,,
Notorious Big Iron (Dragon's Breath),vic_notorious_big_iron_dragon_breath,0,,3000,750,,300,,300,5,0,,,,FRAGMENTATION,150,,0,2,,,15,15,0,0,,500,,,400,,"SYSTEM, SHOW_IN_CODEX","no_drop, no_salvage",,Pirate,,Anti Hull,,,,,Every projectile deals %s fragmentation damage on hit over the course of 10 seconds. ,500,,,,
,,,,,,,,,,,,,,,,,,,,,,,,,,,,,,,,,,,,,,,,,,,,,,,
,,,,,,,,,,,,,,,,,,,,,,,,,,,,,,,,,,,,,,,,,,,,,,,
Targeting Laser,vic_targetingLazer,0,,400,1500,5,,,0,100,2,,,,ENERGY,,5,0,0,,,,,,,10000,,,,,,"SYSTEM, SHOW_IN_CODEX",beam0,,Volkov Industries,,Targeting,,,,,,,,,,
,,,,,,,,,,,,,,,,,,,,,,,,,,,,,,,,,,,,,,,,,,,,,,,
,,,,,,,,,,,,,,,,,,,,,,,,,,,,,,,,,,,,,,,,,,,,,,,
Melter,vic_melter,2,,69,400,750,,,0,100,7,,,,HIGH_EXPLOSIVE,,750,0,0,0.25,4.85,,,,,1000000,,,,,,"PD_ALSO, ANTI_FTR, SYSTEM","pd9, beam6",,Volkov Industries,,Point Defense,,,,,,,,,,15.6
####,,,,,,,,,,,,,,,,,,,,,,,,,,,,,,,,,,,,,,,,,,,,,,,
#systems,,,,,,,,,,,,,,,,,,,,,,,,,,,,,,,,,,,,,,,,,,,,,,,
quantum Lunge Marker Weapon,vic_quantumLungeMarkerWeapon,0,,200000,1000,,4000,50,25,30,12,30,,,HIGH_EXPLOSIVE,0,,0,3,1,,0,0,0,0,,50,,,500,,SYSTEM,,,,,,,,,,,,,,,38.7
,,,,,,,,,,,,,,,,,,,,,,,,,,,,,,,,,,,,,,,,,,,,,,,
,,,,,,,,,,,,,,,,,,,,,,,,,,,,,,,,,,,,,,,,,,,,,,,
#Decos with Scripts,,,,,,,,,,,,,,,,,,,,,,,,,,,,,,,,,,,,,,,,,,,,,,,
apoll system,VIC_AppolSystem,,,,,,,,,,,,,,,,,,10,,,,,,,,,,,,,SYSTEM,,,,,,,,,,,,,,,
omni lunge,VIC_OmniLungeEffect,,,,,,,,,,,,,,,,,,10,,,,,,,,,,,,,SYSTEM,,,,,,,,,,,,,,,
,,,,,,,,,,,,,,,,,,,,,,,,,,,,,,,,,,,,,,,,,,,,,,,
#Deco Weapons,,,,,,,,,,,,,,,,,,,,,,,,,,,,,,,,,,,,,,,,,,,,,,,
Engine Glow Universal Small,vic_engine_glow_universal_small,,,,,,,,,,,,,,,,,,,,,,,,,,,,,,,SYSTEM,,,,,,,,,,,,,,,
Engine Glow Universal Big,vic_engine_glow_universal_big,,,,,,,,,,,,,,,,,,,,,,,,,,,,,,,SYSTEM,,,,,,,,,,,,,,,
Engine Vernier,vic_vernierEngine,,,,1,1,,,,,,,,,,,,,10,,,,,,,,,,,,,SYSTEM,,,,,,,,,,,,,,,
Engine Vernier Orange,vic_vernierEngine_orange,,,,1,1,,,,,,,,,,,,,10,,,,,,,,,,,,,SYSTEM,,,,,,,,,,,,,,,
Engine Vernier White,vic_vernierEngine_white,,,,1,1,,,,,,,,,,,,,10,,,,,,,,,,,,,SYSTEM,,,,,,,,,,,,,,,
,,,,,,,,,,,,,,,,,,,,,,,,,,,,,,,,,,,,,,,,,,,,,,,
Nybbas Front Right,vic_nybbas_front_right,,,,,,,,,,,,,,,,,,,,,,,,,,,,,,,SYSTEM,,,,,,,,,,,,,,,
Nybbas Front Left,vic_nybbas_front_left,,,,,,,,,,,,,,,,,,,,,,,,,,,,,,,SYSTEM,,,,,,,,,,,,,,,
Nybbas Engline Glow Right,vic_nybbas_engine_glow_right,,,,,,,,,,,,,,,,,,,,,,,,,,,,,,,SYSTEM,,,,,,,,,,,,,,,
Nybbas Engine Glow Left,vic_nybbas_engine_glow_left,,,,,,,,,,,,,,,,,,,,,,,,,,,,,,,SYSTEM,,,,,,,,,,,,,,,
,,,,,,,,,,,,,,,,,,,,,,,,,,,,,,,,,,,,,,,,,,,,,,,
Moloch Wing Left,vic_moloch_wing_left,,,,,,,,,,,,,,,,,,,,,,,,,,,,,,,SYSTEM,,,,,,,,,,,,,,,
Moloch Wing Right,vic_moloch_wing_right,,,,,,,,,,,,,,,,,,,,,,,,,,,,,,,SYSTEM,,,,,,,,,,,,,,,
Moloch Tail Left,vic_moloch_tail_left,,,,,,,,,,,,,,,,,,,,,,,,,,,,,,,SYSTEM,,,,,,,,,,,,,,,
Moloch Tail Right,vic_moloch_tail_right,,,,,,,,,,,,,,,,,,,,,,,,,,,,,,,SYSTEM,,,,,,,,,,,,,,,
Moloch Front Left,vic_moloch_front_left,,,,,,,,,,,,,,,,,,,,,,,,,,,,,,,SYSTEM,,,,,,,,,,,,,,,
Moloch Front Right,vic_moloch_front_right,,,,,,,,,,,,,,,,,,,,,,,,,,,,,,,SYSTEM,,,,,,,,,,,,,,,
Moloch Engine Glow 1,vic_moloch_engine_glow_1,,,,,,,,,,,,,,,,,,,,,,,,,,,,,,,SYSTEM,,,,,,,,,,,,,,,
Moloch Engine Glow 2,vic_moloch_engine_glow_2,,,,,,,,,,,,,,,,,,,,,,,,,,,,,,,SYSTEM,,,,,,,,,,,,,,,
Moloch Engine Glow 3,vic_moloch_engine_glow_3,,,,,,,,,,,,,,,,,,,,,,,,,,,,,,,SYSTEM,,,,,,,,,,,,,,,
Moloch Engine Glow 4,vic_moloch_engine_glow_4,,,,,,,,,,,,,,,,,,,,,,,,,,,,,,,SYSTEM,,,,,,,,,,,,,,,
,,,,,,,,,,,,,,,,,,,,,,,,,,,,,,,,,,,,,,,,,,,,,,,
Kobal Deco Right,vic_kobal_deco_right,,,,,,,,,,,,,,,,,,,,,,,,,,,,,,,SYSTEM,,,,,,,,,,,,,,,
Kobal Deco Left,vic_kobal_deco_left,,,,,,,,,,,,,,,,,,,,,,,,,,,,,,,SYSTEM,,,,,,,,,,,,,,,
Kobal Deco Middle,vic_kobal_deco_middle,,,,,,,,,,,,,,,,,,,,,,,,,,,,,,,SYSTEM,,,,,,,,,,,,,,,
Kobal Engine Glow Sides,vic_kobal_engine_glow_sides,,,,,,,,,,,,,,,,,,,,,,,,,,,,,,,SYSTEM,,,,,,,,,,,,,,,
Kobal Engine Glow Middle,vic_kobal_engine_glow_middle,,,,,,,,,,,,,,,,,,,,,,,,,,,,,,,SYSTEM,,,,,,,,,,,,,,,
,,,,,,,,,,,,,,,,,,,,,,,,,,,,,,,,,,,,,,,,,,,,,,,
Jezebeth Wing Right,vic_jezebeth_wing_right,,,,,,,,,,,,,,,,,,,,,,,,,,,,,,,SYSTEM,,,,,,,,,,,,,,,
Jezebeth Wing Left,vic_jezebeth_wing_left,,,,,,,,,,,,,,,,,,,,,,,,,,,,,,,SYSTEM,,,,,,,,,,,,,,,
Jezebeth Engine Glow Right,vic_jezebeth_engine_glow_right,,,,,,,,,,,,,,,,,,,,,,,,,,,,,,,SYSTEM,,,,,,,,,,,,,,,
Jezebeth Engine Glow Left,vic_jezebeth_engine_glow_left,,,,,,,,,,,,,,,,,,,,,,,,,,,,,,,SYSTEM,,,,,,,,,,,,,,,
Jezebeth Front Right,vic_jezebeth_front_right,,,,,,,,,,,,,,,,,,,,,,,,,,,,,,,SYSTEM,,,,,,,,,,,,,,,
Jezebeth Front Left,vic_jezebeth_front_left,,,,,,,,,,,,,,,,,,,,,,,,,,,,,,,SYSTEM,,,,,,,,,,,,,,,
,,,,,,,,,,,,,,,,,,,,,,,,,,,,,,,,,,,,,,,,,,,,,,,
Xaphan Deco Front,vic_xaphandecofront,,,,,,,,,,,,,,,,,,,,,,,,,,,,,,,SYSTEM,,,,,,,,,,,,,,,
Xaphan Deco Right,vic_xaphandecoright,,,,,,,,,,,,,,,,,,,,,,,,,,,,,,,SYSTEM,,,,,,,,,,,,,,,
Xaphan Deco Left,vic_xaphandecoleft,,,,,,,,,,,,,,,,,,,,,,,,,,,,,,,SYSTEM,,,,,,,,,,,,,,,
Xaphan Engine Glow,vic_xaphan_engine_glow,,,,,,,,,,,,,,,,,,,,,,,,,,,,,,,SYSTEM,,,,,,,,,,,,,,,
,,,,,,,,,,,,,,,,,,,,,,,,,,,,,,,,,,,,,,,,,,,,,,,
Apollyon Rear Right Bottom,vic_apollyon_rear_right_bottom,,,,,,,,,,,,,,,,,,,,,,,,,,,,,,,SYSTEM,,,,,,,,,,,,,,,
Apollyon Rear Right Top,vic_apollyon_rear_right_top,,,,,,,,,,,,,,,,,,,,,,,,,,,,,,,SYSTEM,,,,,,,,,,,,,,,
Apollyon Rear Left Bottom,vic_apollyon_rear_left_bottom,,,,,,,,,,,,,,,,,,,,,,,,,,,,,,,SYSTEM,,,,,,,,,,,,,,,
Apollyon Rear Left Top,vic_apollyon_rear_left_top,,,,,,,,,,,,,,,,,,,,,,,,,,,,,,,SYSTEM,,,,,,,,,,,,,,,
Apollyon Wing 1,vic_apollyon_wing_1,,,,,,,,,,,,,,,,,,,,,,,,,,,,,,,SYSTEM,,,,,,,,,,,,,,,
Apollyon Wing 2,vic_apollyon_wing_2,,,,,,,,,,,,,,,,,,,,,,,,,,,,,,,SYSTEM,,,,,,,,,,,,,,,
Apollyon Wing 3,vic_apollyon_wing_3,,,,,,,,,,,,,,,,,,,,,,,,,,,,,,,SYSTEM,,,,,,,,,,,,,,,
Apollyon Wing 4,vic_apollyon_wing_4,,,,,,,,,,,,,,,,,,,,,,,,,,,,,,,SYSTEM,,,,,,,,,,,,,,,
Apollyon Front Right,vic_apollyon_front_right,,,,,,,,,,,,,,,,,,,,,,,,,,,,,,,SYSTEM,,,,,,,,,,,,,,,
Apollyon Front Left,vic_apollyon_front_left,,,,,,,,,,,,,,,,,,,,,,,,,,,,,,,SYSTEM,,,,,,,,,,,,,,,
Apollyon Front Shadow,vic_apollyon_front_shadow,,,,,,,,,,,,,,,,,,,,,,,,,,,,,,,SYSTEM,,,,,,,,,,,,,,,
Apollyon Rear Wing Right,vic_apollyon_rear_wing_right,,,,,,,,,,,,,,,,,,,,,,,,,,,,,,,SYSTEM,,,,,,,,,,,,,,,
Apollyon Rear Wing Left,vic_apollyon_rear_wing_left,,,,,,,,,,,,,,,,,,,,,,,,,,,,,,,SYSTEM,,,,,,,,,,,,,,,
Apollyon Engine Glow Test 1,vic_apollyon_engine_glow_test1,,,,,,,,,,,,,,,,,,,,,,,,,,,,,,,SYSTEM,,,,,,,,,,,,,,,
Apollyon Engine Glow Test 2,vic_apollyon_engine_glow_test2,,,,,,,,,,,,,,,,,,,,,,,,,,,,,,,SYSTEM,,,,,,,,,,,,,,,
Apollyon Engine Glow Test 3,vic_apollyon_engine_glow_test3,,,,,,,,,,,,,,,,,,,,,,,,,,,,,,,SYSTEM,,,,,,,,,,,,,,,
Apollyon Engine Glow Test 4,vic_apollyon_engine_glow_test4,,,,,,,,,,,,,,,,,,,,,,,,,,,,,,,SYSTEM,,,,,,,,,,,,,,,
Apollyon Engine Glow Test 5,vic_apollyon_engine_glow_test5,,,,,,,,,,,,,,,,,,,,,,,,,,,,,,,SYSTEM,,,,,,,,,,,,,,,
Apollyon Engine Glow Test 6,vic_apollyon_engine_glow_test6,,,,,,,,,,,,,,,,,,,,,,,,,,,,,,,SYSTEM,,,,,,,,,,,,,,,
Apollyon Engine Glow Test 7,vic_apollyon_engine_glow_test7,,,,,,,,,,,,,,,,,,,,,,,,,,,,,,,SYSTEM,,,,,,,,,,,,,,,
Apollyon Engine Glow Test 8,vic_apollyon_engine_glow_test8,,,,,,,,,,,,,,,,,,,,,,,,,,,,,,,SYSTEM,,,,,,,,,,,,,,,
,,,,,,,,,,,,,,,,,,,,,,,,,,,,,,,,,,,,,,,,,,,,,,,
Pruflas Engine Glow 1,vic_pruflas_engine_glow_1,,,,,,,,,,,,,,,,,,,,,,,,,,,,,,,SYSTEM,,,,,,,,,,,,,,,
Pruflas Engine Glow 2,vic_pruflas_engine_glow_2,,,,,,,,,,,,,,,,,,,,,,,,,,,,,,,SYSTEM,,,,,,,,,,,,,,,
Pruflas Engine Glow 3,vic_pruflas_engine_glow_3,,,,,,,,,,,,,,,,,,,,,,,,,,,,,,,SYSTEM,,,,,,,,,,,,,,,
Pruflas Engine Glow 4,vic_pruflas_engine_glow_4,,,,,,,,,,,,,,,,,,,,,,,,,,,,,,,SYSTEM,,,,,,,,,,,,,,,
Pruflas Engine Glow 5,vic_pruflas_engine_glow_5,,,,,,,,,,,,,,,,,,,,,,,,,,,,,,,SYSTEM,,,,,,,,,,,,,,,
Pruflas Wing Left,vic_pruflas_wing_left,,,,,,,,,,,,,,,,,,,,,,,,,,,,,,,SYSTEM,,,,,,,,,,,,,,,
Pruflas Wing Right,vic_pruflas_wing_right,,,,,,,,,,,,,,,,,,,,,,,,,,,,,,,SYSTEM,,,,,,,,,,,,,,,
,,,,,,,,,,,,,,,,,,,,,,,,,,,,,,,,,,,,,,,,,,,,,,,
Thamuz Deco Left,vic_thamuz_deco_left,,,,,,,,,,,,,,,,,,,,,,,,,,,,,,,SYSTEM,,,,,,,,,,,,,,,
Thamuz Deco Right,vic_thamuz_deco_right,,,,,,,,,,,,,,,,,,,,,,,,,,,,,,,SYSTEM,,,,,,,,,,,,,,,
Thamuz Engine Glow Sides,vic_thamuz_engine_glow_sides,,,,,,,,,,,,,,,,,,,,,,,,,,,,,,,SYSTEM,,,,,,,,,,,,,,,
,,,,,,,,,,,,,,,,,,,,,,,,,,,,,,,,,,,,,,,,,,,,,,,
Samael Engine Glow 1,vic_samael_engine_glow_1,,,,,,,,,,,,,,,,,,,,,,,,,,,,,,,SYSTEM,,,,,,,,,,,,,,,
Samael Engine Glow 2,vic_samael_engine_glow_2,,,,,,,,,,,,,,,,,,,,,,,,,,,,,,,SYSTEM,,,,,,,,,,,,,,,
Samael Engine Glow 3,vic_samael_engine_glow_3,,,,,,,,,,,,,,,,,,,,,,,,,,,,,,,SYSTEM,,,,,,,,,,,,,,,
Samael Engine Glow 4,vic_samael_engine_glow_4,,,,,,,,,,,,,,,,,,,,,,,,,,,,,,,SYSTEM,,,,,,,,,,,,,,,
,,,,,,,,,,,,,,,,,,,,,,,,,,,,,,,,,,,,,,,,,,,,,,,
Valafar Tail Left,vic_valafar_tail_left,,,,,,,,,,,,,,,,,,,,,,,,,,,,,,,SYSTEM,,,,,,,,,,,,,,,
Valafar Tail Right,vic_valafar_tail_right,,,,,,,,,,,,,,,,,,,,,,,,,,,,,,,SYSTEM,,,,,,,,,,,,,,,
Valafar Wing Left,vic_valafar_wing_left,,,,,,,,,,,,,,,,,,,,,,,,,,,,,,,SYSTEM,,,,,,,,,,,,,,,
Valafar Wing Right,vic_valafar_wing_right,,,,,,,,,,,,,,,,,,,,,,,,,,,,,,,SYSTEM,,,,,,,,,,,,,,,
Valafar Front Left,vic_valafar_front_left,,,,,,,,,,,,,,,,,,,,,,,,,,,,,,,SYSTEM,,,,,,,,,,,,,,,
Valafar Front Right,vic_valafar_front_right,,,,,,,,,,,,,,,,,,,,,,,,,,,,,,,SYSTEM,,,,,,,,,,,,,,,
Valafar Engine Glow Left,vic_valafar_engine_glow_left,,,,,,,,,,,,,,,,,,,,,,,,,,,,,,,SYSTEM,,,,,,,,,,,,,,,
Valafar Engine Glow Right,vic_valafar_engine_glow_right,,,,,,,,,,,,,,,,,,,,,,,,,,,,,,,SYSTEM,,,,,,,,,,,,,,,
,,,,,,,,,,,,,,,,,,,,,,,,,,,,,,,,,,,,,,,,,,,,,,,
Oriax Engine Glow 1,vic_oriax_engine_glow_1,,,,,,,,,,,,,,,,,,,,,,,,,,,,,,,SYSTEM,,,,,,,,,,,,,,,
Oriax Engine Glow 2,vic_oriax_engine_glow_2,,,,,,,,,,,,,,,,,,,,,,,,,,,,,,,SYSTEM,,,,,,,,,,,,,,,
Oriax Engine Glow 3,vic_oriax_engine_glow_3,,,,,,,,,,,,,,,,,,,,,,,,,,,,,,,SYSTEM,,,,,,,,,,,,,,,
Oriax Engine Glow 4,vic_oriax_engine_glow_4,,,,,,,,,,,,,,,,,,,,,,,,,,,,,,,SYSTEM,,,,,,,,,,,,,,,
Oriax Engine Glow 5,vic_oriax_engine_glow_5,,,,,,,,,,,,,,,,,,,,,,,,,,,,,,,SYSTEM,,,,,,,,,,,,,,,
Oriax Engine Glow 6,vic_oriax_engine_glow_6,,,,,,,,,,,,,,,,,,,,,,,,,,,,,,,SYSTEM,,,,,,,,,,,,,,,
,,,,,,,,,,,,,,,,,,,,,,,,,,,,,,,,,,,,,,,,,,,,,,,
Oriax Nose,vic_oriax_nose,,,,,,,,,,,,,,,,,,,,,,,,,,,,,,,SYSTEM,,,,,,,,,,,,,,,
Oriax Sidewing Left,vic_oriax_sidewing_left,,,,,,,,,,,,,,,,,,,,,,,,,,,,,,,SYSTEM,,,,,,,,,,,,,,,
Oriax Sidewing Right,vic_oriax_sidewing_right,,,,,,,,,,,,,,,,,,,,,,,,,,,,,,,SYSTEM,,,,,,,,,,,,,,,
Oriax Tail Left,vic_oriax_tail_left,,,,,,,,,,,,,,,,,,,,,,,,,,,,,,,SYSTEM,,,,,,,,,,,,,,,
Oriax Tail Right,vic_oriax_tail_right,,,,,,,,,,,,,,,,,,,,,,,,,,,,,,,SYSTEM,,,,,,,,,,,,,,,
,,,,,,,,,,,,,,,,,,,,,,,,,,,,,,,,,,,,,,,,,,,,,,,
Oriax System Glow,vic_deco_oriax_system_glow,,,,,,,,,,,,,,,,,,,,,,,,,,,,,,,SYSTEM,,,,,,,,,,,,,,,
,,,,,,,,,,,,,,,,,,,,,,,,,,,,,,,,,,,,,,,,,,,,,,,
Oriax Decal Left,vic_deco_oriaxDecalLeft,,,,,,,,,,,,,,,,,,,,,,,,,,,,,,,SYSTEM,,,,,,,,,,,,,,,
Oriax Decal Right,vic_deco_oriaxDecalRight,,,,,,,,,,,,,,,,,,,,,,,,,,,,,,,SYSTEM,,,,,,,,,,,,,,,
,,,,,,,,,,,,,,,,,,,,,,,,,,,,,,,,,,,,,,,,,,,,,,,
Stolas Engine Left,vic_stolas_engine_glow_left,,,,,,,,,,,,,,,,,,,,,,,,,,,,,,,SYSTEM,,,,,,,,,,,,,,,
Stolas Engine Central,vic_stolas_engine_glow_central,,,,,,,,,,,,,,,,,,,,,,,,,,,,,,,SYSTEM,,,,,,,,,,,,,,,
Stolas Engine Right,vic_stolas_engine_glow_right,,,,,,,,,,,,,,,,,,,,,,,,,,,,,,,SYSTEM,,,,,,,,,,,,,,,
Stolas charge 1,vic_deco_stolas_charge1,,,,,,,,,,,,,,,,,,,,,,,,,,,,,,,SYSTEM,,,,,,,,,,,,,,,
Stolas charge 2,vic_deco_stolas_charge2,,,,,,,,,,,,,,,,,,,,,,,,,,,,,,,SYSTEM,,,,,,,,,,,,,,,
Stolas charge 3,vic_deco_stolas_charge3,,,,,,,,,,,,,,,,,,,,,,,,,,,,,,,SYSTEM,,,,,,,,,,,,,,,
stolas Shot indicator,vic_deco_stolas_shotIndicator,,,,,,,,,,,,,,,,,,,,,,,,,,,,,,,SYSTEM,,,,,,,,,,,,,,,
Stolas system Glow,vic_deco_stolas_systemGlow,,,,,,,,,,,,,,,,,,,,,,,,,,,,,,,SYSTEM,,,,,,,,,,,,,,,
Stolas Weapon Deco Right,vic_stolas_weapon_deco_right,,,,,,,,,,,,,,,,,,,,,,,,,,,,,,,SYSTEM,,,,,,,,,,,,,,,
Stolas Weapon Deco Left,vic_stolas_weapon_deco_left,,,,,,,,,,,,,,,,,,,,,,,,,,,,,,,SYSTEM,,,,,,,,,,,,,,,
,,,,,,,,,,,,,,,,,,,,,,,,,,,,,,,,,,,,,,,,,,,,,,,
Stolas Bounty Weapon Deco Right,vic_stolas_bounty_weapon_deco_right,,,,,,,,,,,,,,,,,,,,,,,,,,,,,,,SYSTEM,,,,,,,,,,,,,,,
Stolas Bounty Weapon Deco Left,vic_stolas_bounty_weapon_deco_left,,,,,,,,,,,,,,,,,,,,,,,,,,,,,,,SYSTEM,,,,,,,,,,,,,,,
Stolas Bounty System Glow,vic_deco_stolas_bounty_system_glow,,,,,,,,,,,,,,,,,,,,,,,,,,,,,,,SYSTEM,,,,,,,,,,,,,,,
,,,,,,,,,,,,,,,,,,,,,,,,,,,,,,,,,,,,,,,,,,,,,,,
,,,,,,,,,,,,,,,,,,,,,,,,,,,,,,,,,,,,,,,,,,,,,,,
Focalor Azhdaya Deco,vic_focalor_azhdaya_deco,,,,,,,,,,,,,,,,,,,,,,,,,,,,,,,SYSTEM,,,,,,,,,,,,,,,
Focalor Front Missile Deco Right,vic_focalor_front_missile_deco_right,,,,,,,,,,,,,,,,,,,,,,,,,,,,,,,SYSTEM,,,,,,,,,,,,,,,
Focalor Front Missile Deco Left,vic_focalor_front_missile_deco_left,,,,,,,,,,,,,,,,,,,,,,,,,,,,,,,SYSTEM,,,,,,,,,,,,,,,
Focalor Radar Front Right,vic_focalor_radar_front_right,,,,,,,,,,,,,,,,,,,,,,,,,,,,,,,SYSTEM,,,,,,,,,,,,,,,
Focalor Radar Front Left,vic_focalor_radar_front_left,,,,,,,,,,,,,,,,,,,,,,,,,,,,,,,SYSTEM,,,,,,,,,,,,,,,
Focalor Bridge Shield,vic_focalor_bridge_shield,,,,,,,,,,,,,,,,,,,,,,,,,,,,,,,SYSTEM,,,,,,,,,,,,,,,
Focalor Radar Tail,vic_focalor_radar_tail,,,,,,,,,,,,,,,,,,,,,,,,,,,,,,,SYSTEM,,,,,,,,,,,,,,,
,,,,,,,,,,,,,,,,,,,,,,,,,,,,,,,,,,,,,,,,,,,,,,,
Focalor Engine Glow Right,vic_focalor_engine_glow_right,,,,,,,,,,,,,,,,,,,,,,,,,,,,,,,SYSTEM,,,,,,,,,,,,,,,
Focalor Engine Glow Left,vic_focalor_engine_glow_left,,,,,,,,,,,,,,,,,,,,,,,,,,,,,,,SYSTEM,,,,,,,,,,,,,,,
Focalor Engine Glow Central,vic_focalor_engine_glow_central,,,,,,,,,,,,,,,,,,,,,,,,,,,,,,,SYSTEM,,,,,,,,,,,,,,,
Focalor Tail Glow,vic_focalor_radar_tail_glow,,,,,,,,,,,,,,,,,,,,,,,,,,,,,,,SYSTEM,,,,,,,,,,,,,,,
Focalor Right Glow,vic_focalor_radar_right_glow,,,,,,,,,,,,,,,,,,,,,,,,,,,,,,,SYSTEM,,,,,,,,,,,,,,,
Focalor Left Glow,vic_focalor_radar_left_glow,,,,,,,,,,,,,,,,,,,,,,,,,,,,,,,SYSTEM,,,,,,,,,,,,,,,
Focalor Bridge Glow,vic_focalor_radar_bridge_glow,,,,,,,,,,,,,,,,,,,,,,,,,,,,,,,SYSTEM,,,,,,,,,,,,,,,
,,,,,,,,,,,,,,,,,,,,,,,,,,,,,,,,,,,,,,,,,,,,,,,
Smoke after System,vic_smokeAfterSystem,,,,,,,,,,,,,,,,,,,,,,,,,,,,,,,SYSTEM,,,,,,,,,,,,,,,
,,,,,,,,,,,,,,,,,,,,,,,,,,,,,,,,,,,,,,,,,,,,,,,
Raum Engine Glow Central,vic_raum_engine_glow_central,,,,,,,,,,,,,,,,,,,,,,,,,,,,,,,SYSTEM,,,,,,,,,,,,,,,
Raum Engine Glow Side Edge,vic_raum_engine_glow_side_edge,,,,,,,,,,,,,,,,,,,,,,,,,,,,,,,SYSTEM,,,,,,,,,,,,,,,
Raum Engine Glow Side Right,vic_raum_engine_glow_side_right,,,,,,,,,,,,,,,,,,,,,,,,,,,,,,,SYSTEM,,,,,,,,,,,,,,,
Raum Engine Glow Side Left,vic_raum_engine_glow_side_left,,,,,,,,,,,,,,,,,,,,,,,,,,,,,,,,,,,,,,,,,,,,,,
,,,,,,,,,,,,,,,,,,,,,,,,,,,,,,,,,,,,,,,,,,,,,,,
VIC vector Controller,vic_vectorEngineController,,,,,,,,,,,,,,,,,,,,,,,,,,,,,,,SYSTEM,,,,,,,,,,,,,,,
,,,,,,,,,,,,,,,,,,,,,,,,,,,,,,,,,,,,,,,,,,,,,,,
#Blonkers,,,,,,,,,,,,,,,,,,,,,,,,,,,,,,,,,,,,,,,,,,,,,,,
Blonker red,vic_blonkerRed,,,,,,,,,,,,,,,,,,,,,,,,,,,,,,,SYSTEM,,,,,,,,,,,,,,,
Blonker Cyan,vic_blonkerCyan,,,,,,,,,,,,,,,,,,,,,,,,,,,,,,,SYSTEM,,,,,,,,,,,,,,,
,,,,,,,,,,,,,,,,,,,,,,,,,,,,,,,,,,,,,,,,,,,,,,,
#Fighter Trails,,,,,,,,,,,,,,,,,,,,,,,,,,,,,,,,,,,,,,,,,,,,,,,
VIC Fighter Engine Trail,vic_fighterTrail,,,,,,,,,,,,,,,,,,,,,,,,,,,,,,,SYSTEM,,,,,,,,,,,,,,,
,,,,,,,,,,,,,,,,,,,,,,,,,,,,,,,,,,,,,,,,,,,,,,,
VIC DDUMMY DECO,vic_deco_dummy,,,,,,,,,,,,,,,,,,,,,,,,,,,,,,,SYSTEM,,,,,,,,,,,,,,,
,,,,,,,,,,,,,,,,,,,,,,,,,,,,,,,,,,,,,,,,,,,,,,,
,,,,,,,,,,,,,,,,,,,,,,,,,,,,,,,,,,,,,,,,,,,,,,,
,,,,,,,,,,,,,,,,,,,,,,,,,,,,,,,,,,,,,,,,,,,,,,,